date,open,high,low,Close,volume,Name
1/21/2018,1039,1045,1025,1039,12003,NABIL
1/22/2018,1039,1043,1033,1039,11946,NABIL
1/23/2018,1039,1040,1030,1031,6612,NABIL
1/24/2018,1031,1032,1010,1015,19823,NABIL
1/25/2018,1015,1039,1020,1037,8156,NABIL
1/28/2018,1037,1055,1044,1048,10059,NABIL
1/29/2018,1048,1055,1045,1052,11653,NABIL
1/31/2018,1052,1070,1058,1070,10033,NABIL
2/1/2018,1070,1098,1075,1090,12664,NABIL
2/4/2018,1090,1099,1086,1086,19894,NABIL
2/5/2018,1086,1092,1074,1077,12146,NABIL
2/6/2018,1077,1073,1065,1072,4578,NABIL
2/7/2018,1072,1066,1060,1066,7436,NABIL
2/8/2018,1066,1070,1057,1065,8717,NABIL
2/11/2018,1065,1070,1060,1070,6351,NABIL
2/12/2018,1070,1074,1061,1062,6125,NABIL
2/14/2018,1062,1075,1060,1068,11870,NABIL
2/15/2018,1068,1104,1075,1104,18692,NABIL
2/18/2018,1104,1126,1106,1112,19540,NABIL
2/20/2018,1112,1130,1093,1100,9378,NABIL
2/21/2018,1100,1096,1085,1095,2594,NABIL
2/22/2018,1095,1100,1086,1090,8036,NABIL
2/25/2018,1090,1090,1065,1070,10593,NABIL
2/26/2018,1070,1085,1059,1059,12348,NABIL
2/27/2018,1059,1075,1055,1068,19270,NABIL
2/28/2018,1068,1067,1055,1060,12588,NABIL
3/4/2018,1060,1045,1022,1034,13490,NABIL
3/5/2018,1034,1070,1031,1035,9593,NABIL
3/6/2018,1035,1060,1025,1050,15880,NABIL
3/7/2018,1050,1065,1051,1060,21280,NABIL
3/11/2018,1060,1060,1040,1044,11768,NABIL
3/12/2018,1044,1043,1035,1043,8110,NABIL
3/13/2018,1043,1041,1024,1030,14786,NABIL
3/14/2018,1030,1040,1030,1030,9600,NABIL
3/15/2018,1030,1035,1023,1023,11196,NABIL
3/18/2018,1023,1029,1019,1025,12162,NABIL
3/19/2018,1025,1030,1012,1015,12030,NABIL
3/20/2018,1015,1015,998,1015,23717,NABIL
3/21/2018,1015,1001,985,985,20783,NABIL
3/22/2018,985,990,969,975,20012,NABIL
3/26/2018,975,965,920,925,16921,NABIL
3/27/2018,925,950,888,939,25557,NABIL
3/28/2018,939,968,931,968,23753,NABIL
3/29/2018,968,987,967,970,18810,NABIL
4/1/2018,970,975,917,945,15347,NABIL
4/2/2018,945,949,937,945,8678,NABIL
4/3/2018,945,950,939,950,11371,NABIL
4/4/2018,950,965,950,965,16959,NABIL
4/5/2018,965,978,965,970,27949,NABIL
4/8/2018,970,1010,972,999,31730,NABIL
4/9/2018,999,1030,994,994,35267,NABIL
4/10/2018,994,1000,980,986,11944,NABIL
4/11/2018,986,994,980,988,8026,NABIL
4/12/2018,988,999,988,989,14218,NABIL
4/15/2018,989,999,979,990,13102,NABIL
4/16/2018,990,999,980,996,8325,NABIL
4/17/2018,996,1005,997,1002,16009,NABIL
4/18/2018,1002,1050,999,1040,21999,NABIL
4/19/2018,1040,1060,1041,1055,15695,NABIL
4/22/2018,1055,1076,1058,1065,20691,NABIL
4/23/2018,1065,1081,1050,1050,16208,NABIL
4/24/2018,1050,1064,1032,1032,8229,NABIL
4/25/2018,1032,1045,1030,1040,10589,NABIL
4/26/2018,1040,1050,1020,1030,13380,NABIL
4/29/2018,1030,1020,1002,1013,7378,NABIL
5/2/2018,1013,1025,996,1009,10811,NABIL
5/3/2018,1009,1025,1009,1009,6662,NABIL
5/6/2018,1009,1006,1000,1005,6340,NABIL
5/7/2018,1005,1010,998,999,6050,NABIL
5/8/2018,999,1010,997,1010,8831,NABIL
5/9/2018,1010,1014,1003,1003,7968,NABIL
5/10/2018,1003,1010,996,1003,3212,NABIL
5/14/2018,1003,1004,990,1000,8898,NABIL
5/15/2018,1000,1007,995,1002,2596,NABIL
5/16/2018,1002,1002,999,1000,6058,NABIL
5/17/2018,1000,1005,1001,1002,3295,NABIL
5/20/2018,1002,1022,1000,1000,9372,NABIL
5/21/2018,1000,1010,996,999,6405,NABIL
5/22/2018,999,1003,995,995,6365,NABIL
5/23/2018,995,999,984,987,5655,NABIL
5/24/2018,987,999,990,990,5307,NABIL
5/27/2018,990,990,978,989,3069,NABIL
5/28/2018,989,1012,985,1012,4170,NABIL
5/29/2018,1012,1010,999,999,4198,NABIL
5/30/2018,999,1013,999,1000,2360,NABIL
5/31/2018,1000,1005,995,1000,3164,NABIL
6/3/2018,1000,1000,980,980,5913,NABIL
6/4/2018,980,985,970,979,3875,NABIL
6/6/2018,979,1000,988,990,1882,NABIL
6/7/2018,990,990,975,975,4786,NABIL
6/10/2018,975,970,944,956,5466,NABIL
6/11/2018,956,975,945,955,5198,NABIL
6/12/2018,955,960,945,955,4558,NABIL
6/13/2018,955,960,945,955,3803,NABIL
6/14/2018,955,963,955,958,947,NABIL
6/17/2018,958,959,940,942,3161,NABIL
6/18/2018,942,955,937,943,2878,NABIL
6/19/2018,943,944,940,941,1365,NABIL
6/20/2018,941,945,940,940,3344,NABIL
6/21/2018,940,945,940,942,2308,NABIL
6/24/2018,942,943,936,942,4494,NABIL
6/25/2018,942,945,930,932,4988,NABIL
6/26/2018,932,931,922,928,1174,NABIL
6/27/2018,928,935,921,930,5047,NABIL
6/28/2018,930,955,931,931,2623,NABIL
7/1/2018,931,945,925,928,4235,NABIL
7/2/2018,928,928,917,920,2420,NABIL
7/3/2018,920,926,918,920,5734,NABIL
7/4/2018,920,920,913,917,6221,NABIL
7/5/2018,917,928,919,924,12676,NABIL
7/8/2018,924,953,928,940,12880,NABIL
7/9/2018,940,941,918,918,11028,NABIL
7/10/2018,918,926,917,917,3949,NABIL
7/11/2018,917,928,917,918,9218,NABIL
7/12/2018,918,922,911,912,5387,NABIL
7/15/2018,912,920,912,920,5465,NABIL
7/16/2018,920,921,903,921,10813,NABIL
7/17/2018,921,917,899,900,64608,NABIL
7/18/2018,900,905,897,900,28537,NABIL
7/19/2018,900,905,898,900,36821,NABIL
7/22/2018,900,900,897,900,6188,NABIL
7/23/2018,900,900,898,900,11306,NABIL
7/24/2018,900,905,898,899,20936,NABIL
7/25/2018,899,900,897,897,7248,NABIL
7/26/2018,897,908,899,905,13263,NABIL
7/29/2018,905,919,909,910,5574,NABIL
7/30/2018,910,913,907,909,5174,NABIL
7/31/2018,909,910,905,905,5144,NABIL
8/1/2018,905,910,904,908,5960,NABIL
8/2/2018,908,909,904,906,5552,NABIL
8/5/2018,906,907,900,905,6414,NABIL
8/6/2018,905,907,900,903,6662,NABIL
8/7/2018,903,919,904,904,2142,NABIL
8/8/2018,904,910,903,904,2673,NABIL
8/9/2018,904,922,904,909,3307,NABIL
8/12/2018,909,910,894,900,6359,NABIL
8/13/2018,900,907,900,907,5383,NABIL
8/14/2018,907,907,900,907,6383,NABIL
8/15/2018,907,940,913,935,17869,NABIL
8/16/2018,935,966,930,957,17494,NABIL
8/19/2018,957,965,954,959,11046,NABIL
8/20/2018,959,960,942,948,9155,NABIL
8/21/2018,948,947,940,940,4925,NABIL
8/22/2018,940,945,935,945,2174,NABIL
8/23/2018,945,945,941,945,4749,NABIL
8/26/2018,945,948,944,945,5990,NABIL
8/28/2018,945,950,943,949,6091,NABIL
8/29/2018,949,949,945,947,3171,NABIL
8/30/2018,947,952,945,947,5231,NABIL
9/2/2018,947,952,946,950,7021,NABIL
9/3/2018,950,970,955,964,7503,NABIL
9/4/2018,964,971,961,966,8115,NABIL
9/5/2018,966,974,965,970,10041,NABIL
9/6/2018,970,984,963,965,16698,NABIL
9/9/2018,965,974,955,970,7541,NABIL
9/10/2018,970,967,960,964,7438,NABIL
9/11/2018,964,969,960,966,6852,NABIL
9/12/2018,966,967,965,965,4296,NABIL
9/13/2018,965,970,966,968,5373,NABIL
9/16/2018,968,974,968,969,9770,NABIL
9/17/2018,969,970,965,968,1984,NABIL
9/18/2018,968,970,966,968,5243,NABIL
9/20/2018,968,970,960,962,6516,NABIL
9/23/2018,962,964,950,961,3193,NABIL
9/25/2018,961,965,960,965,5209,NABIL
9/26/2018,965,969,960,966,9356,NABIL
9/27/2018,966,970,960,961,3070,NABIL
9/30/2018,961,961,950,950,7218,NABIL
10/1/2018,950,956,934,945,2593,NABIL
10/2/2018,945,950,940,945,3936,NABIL
10/3/2018,945,945,932,942,5114,NABIL
10/4/2018,942,958,916,944,5142,NABIL
10/7/2018,944,944,927,927,5803,NABIL
10/8/2018,927,944,927,929,3337,NABIL
10/9/2018,929,939,927,930,2484,NABIL
10/10/2018,930,932,927,930,4393,NABIL
10/11/2018,930,937,929,931,5113,NABIL
10/14/2018,931,939,935,938,1925,NABIL
10/15/2018,938,956,940,953,1245,NABIL
10/21/2018,953,955,950,953,193,NABIL
10/22/2018,953,959,950,951,1928,NABIL
10/23/2018,951,960,950,960,2006,NABIL
10/24/2018,960,970,956,962,3191,NABIL
10/25/2018,962,963,956,956,1044,NABIL
10/28/2018,956,956,939,942,2511,NABIL
10/29/2018,942,945,939,940,2862,NABIL
10/30/2018,940,945,940,940,1768,NABIL
10/31/2018,940,952,940,952,2427,NABIL
11/1/2018,952,949,940,946,1572,NABIL
11/4/2018,946,947,938,940,2099,NABIL
11/5/2018,940,940,935,938,2736,NABIL
11/6/2018,938,900,900,946,230,NABIL
11/11/2018,946,946,897,911,2235,NABIL
11/12/2018,911,911,897,905,4075,NABIL
11/13/2018,905,921,905,919,833,NABIL
11/14/2018,919,920,915,919,4373,NABIL
11/15/2018,919,940,919,927,7548,NABIL
11/18/2018,927,930,916,917,3113,NABIL
11/19/2018,917,918,908,917,2568,NABIL
11/20/2018,917,918,902,902,760,NABIL
11/21/2018,902,906,890,906,3991,NABIL
11/22/2018,906,915,900,900.34,4595,NABIL
11/25/2018,900.34,904,898,898.76,3792,NABIL
11/26/2018,898.76,898.76,888,888.58,5967,NABIL
11/27/2018,888.58,899,885,889,4029,NABIL
11/28/2018,889,900,888,889,5451,NABIL
11/29/2018,889,890,882,882.14,3294,NABIL
12/2/2018,882.14,882.14,865,865,4594,NABIL
12/3/2018,865,875,862,863,3135,NABIL
12/4/2018,863,863,841,860,13920,NABIL
12/5/2018,860,860,849,851,7992,NABIL
12/6/2018,851,851,830,850,6099,NABIL
12/9/2018,850,856,850,852,4171,NABIL
12/10/2018,852,860,850,853,8181,NABIL
12/11/2018,853,860,844,855,3869,NABIL
12/12/2018,855,860,845,851,3175,NABIL
12/13/2018,851,855,847,847,4879,NABIL
12/16/2018,847,859,847,853,9410,NABIL
12/17/2018,853,869,850,862,2512,NABIL
12/18/2018,862,862,856,858,5028,NABIL
12/19/2018,858,860,850,850,7082,NABIL
12/20/2018,850,860,845,851,3393,NABIL
12/23/2018,851,870,851,870,8974,NABIL
12/24/2018,870,876,865,868,5253,NABIL
12/25/2018,868,870,855,862,1588,NABIL
12/26/2018,862,870,860,864,7037,NABIL
12/27/2018,864,880,864,865,6193,NABIL
12/30/2018,865,877,865,866,4130,NABIL
12/31/2018,866,879,860,860,7285,NABIL
1/1/2019,860,863,851,851,5002,NABIL
1/2/2019,851,859,850,850,5122,NABIL
1/3/2019,850,855,841,841,9928,NABIL
1/6/2019,841,848,835,837,7310,NABIL
1/7/2019,841,840,835,835,4589,NABIL
1/8/2019,835,839,835,837,3971,NABIL
1/9/2019,837,840,834,834,4380,NABIL
1/10/2019,834,848,834,835,5480,NABIL
1/13/2019,835,851,835,838,3132,NABIL
1/14/2019,838,844,830,836,4045,NABIL
1/15/2019,836,842,834,842,2708,NABIL
1/16/2019,842,858,841,845,2960,NABIL
1/17/2019,845,845,836,844,2128,NABIL
1/20/2019,844,850,844,850,3123,NABIL
1/21/2019,850,848,836,843,3420,NABIL
1/22/2019,843,845,841,842,1670,NABIL
1/23/2019,842,850,838,838,4189,NABIL
1/24/2019,838,843,838,840,2567,NABIL
1/27/2019,840,841,832,838,3910,NABIL
1/28/2019,838,838,832,834,2227,NABIL
1/29/2019,834,835,830,830,6286,NABIL
1/30/2019,830,841,830,837,3605,NABIL
1/31/2019,837,844,837,841,4408,NABIL
2/3/2019,841,845,840,841,4165,NABIL
2/4/2019,841,841,825,829,5154,NABIL
2/5/2019,829,835,829,830,2150,NABIL
2/6/2019,830,830,825,828,3267,NABIL
2/7/2019,828,835,826,831,3757,NABIL
2/10/2019,831,831,820,824,2399,NABIL
2/11/2019,824,830,823,825,3879,NABIL
2/12/2019,825,830,825,825,2448,NABIL
2/13/2019,825,830,818,822,3151,NABIL
2/14/2019,822,825,818,818,2494,NABIL
2/17/2019,818,829,807,807,6470,NABIL
2/18/2019,807,815,778,783,29718,NABIL
2/19/2019,783,795,776,793,7663,NABIL
2/20/2019,793,793,780,789,9080,NABIL
2/21/2019,789,803,789,803,17561,NABIL
2/24/2019,803,810,792,795,15486,NABIL
2/25/2019,795,799,789,794,31622,NABIL
2/26/2019,708.93,708.93,678,687,9887,NABIL
2/27/2019,687,689,681,687,4794,NABIL
3/3/2019,687,691,680,682,8715,NABIL
3/5/2019,682,690,681,683,6279,NABIL
3/6/2019,683,688,680,686,10200,NABIL
3/7/2019,686,690,685,688,7555,NABIL
3/10/2019,688,691,686,691,1992,NABIL
3/11/2019,691,700,691,696,16082,NABIL
3/12/2019,696,720,696,720,12884,NABIL
3/13/2019,720,731,715,715,11803,NABIL
3/14/2019,715,720,708,715,3812,NABIL
3/17/2019,715,730,715,722,9881,NABIL
3/18/2019,722,730,722,722,9174,NABIL
3/19/2019,722,724,718,723,1020,NABIL
3/21/2019,723,722,708,710,8927,NABIL
3/24/2019,710,721,709,712,5859,NABIL
3/25/2019,712,716,709,712,7028,NABIL
3/26/2019,712,712,706,712,3898,NABIL
3/27/2019,712,715,709,709,9163,NABIL
3/28/2019,709,719,708,714,5004,NABIL
3/31/2019,714,717,707,712,7019,NABIL
4/1/2019,712,714,709,712,11973,NABIL
4/2/2019,712,718,710,717,15403,NABIL
4/3/2019,717,731,712,724,14196,NABIL
4/4/2019,724,728,718,727,8188,NABIL
4/7/2019,727,732,721,732,23725,NABIL
4/8/2019,732,755,730,740,23599,NABIL
4/9/2019,740,750,740,743,12325,NABIL
4/10/2019,743,749,735,740,8232,NABIL
4/11/2019,740,743,736,736,7882,NABIL
4/15/2019,736,746,736,746,3377,NABIL
4/16/2019,746,773,747,766,6057,NABIL
4/17/2019,766,780,766,773,11183,NABIL
4/18/2019,773,810,785,810,15287,NABIL
4/21/2019,810,867,815,866,28899,NABIL
4/22/2019,866,900,868,880,29675,NABIL
4/23/2019,880,890,859,881,15000,NABIL
4/24/2019,881,894,864,878,6811,NABIL
4/25/2019,878,895,877,880,9441,NABIL
4/28/2019,880,891,873,873,9506,NABIL
4/29/2019,873,880,866,868,8403,NABIL
4/30/2019,868,871,851,856,7584,NABIL
5/2/2019,856,855,845,847,6201,NABIL
5/5/2019,847,844,830,835,9479,NABIL
5/6/2019,835,855,834,851,8355,NABIL
5/7/2019,851,869,850,850,8243,NABIL
5/8/2019,850,855,840,846,7578,NABIL
5/9/2019,846,862,838,841,2950,NABIL
5/12/2019,841,845,831,841,3539,NABIL
5/13/2019,841,855,841,844,2652,NABIL
5/14/2019,844,850,837,848,3614,NABIL
5/15/2019,848,860,844,851,5163,NABIL
5/16/2019,851,858,845,845,6365,NABIL
5/19/2019,845,855,831,843,6356,NABIL
5/20/2019,843,849,830,830,5507,NABIL
5/21/2019,830,840,827,840,4169,NABIL
5/22/2019,840,856,835,841,1981,NABIL
5/23/2019,841,845,835,841,5508,NABIL
5/26/2019,841,857,835,840,5463,NABIL
5/27/2019,840,840,835,840,2539,NABIL
5/28/2019,840,844,830,836,2822,NABIL
5/29/2019,836,840,837,840,3151,NABIL
5/30/2019,840,882,847,847,9146,NABIL
6/2/2019,847,848,832,834,6077,NABIL
6/3/2019,834,835,830,833,2874,NABIL
6/4/2019,833,843,829,829,3935,NABIL
6/6/2019,829,832,826,828,4877,NABIL
6/10/2019,828,842,820,826,4518,NABIL
6/11/2019,826,826,820,822,8030,NABIL
6/12/2019,822,823,815,820,8943,NABIL
6/13/2019,820,834,818,827,9849,NABIL
6/16/2019,827,822,813,814,13511,NABIL
6/17/2019,814,816,807,816,10347,NABIL
6/18/2019,816,816,806,814,8230,NABIL
6/19/2019,814,829,803,814,3158,NABIL
6/20/2019,814,814,805,812,4301,NABIL
6/23/2019,812,820,804,805,5595,NABIL
6/24/2019,805,808,802,808,3446,NABIL
6/25/2019,808,810,800,810,4883,NABIL
6/26/2019,810,810,802,804,7826,NABIL
6/27/2019,804,815,799,800,12955,NABIL
6/30/2019,800,806,785,785,28406,NABIL
7/1/2019,785,785,780,785,8539,NABIL
7/2/2019,785,785,775,784,9500,NABIL
7/3/2019,784,799,775,795,7949,NABIL
7/4/2019,795,800,795,798,10401,NABIL
7/7/2019,798,805,790,790,6481,NABIL
7/8/2019,790,790,785,787,4253,NABIL
7/9/2019,787,806,786,806,11678,NABIL
7/10/2019,806,815,801,811,9931,NABIL
7/11/2019,811,824,813,823,8966,NABIL
7/14/2019,823,827,820,825,3781,NABIL
7/15/2019,825,833,799,799,30861,NABIL
7/16/2019,799,838,792,800,25920,NABIL
7/17/2019,800,814,800,813,17512,NABIL
7/18/2019,813,820,808,812,15304,NABIL
7/21/2019,812,810,800,801,19195,NABIL
7/22/2019,801,819,803,805,19698,NABIL
7/23/2019,805,810,802,808,13387,NABIL
7/24/2019,808,815,805,812,17884,NABIL
7/25/2019,812,811,800,805,11336,NABIL
7/28/2019,805,808,796,797,17431,NABIL
7/29/2019,797,805,798,803,10970,NABIL
7/30/2019,803,805,800,801,10926,NABIL
7/31/2019,801,805,800,800,9199,NABIL
8/1/2019,800,805,800,801,11281,NABIL
8/4/2019,801,803,796,799,11095,NABIL
8/5/2019,799,800,795,800,9946,NABIL
8/6/2019,800,795,789,790,13321,NABIL
8/7/2019,790,795,784,790,9174,NABIL
8/8/2019,790,796,787,790,10432,NABIL
8/11/2019,790,788,781,784,9920,NABIL
8/12/2019,784,788,782,783,5650,NABIL
8/13/2019,783,785,781,782,6190,NABIL
8/14/2019,782,784,775,779,11640,NABIL
8/15/2019,779,785,780,784,13055,NABIL
8/18/2019,784,790,779,779,12387,NABIL
8/19/2019,779,784,776,778,10297,NABIL
8/20/2019,778,782,777,778,12518,NABIL
8/21/2019,778,779,775,778,13659,NABIL
8/22/2019,778,781,777,777,7473,NABIL
8/25/2019,777,780,771,776,7386,NABIL
8/26/2019,776,776,760,775,23330,NABIL
8/27/2019,775,780,771,778,5949,NABIL
8/28/2019,778,790,770,770,4274,NABIL
8/29/2019,770,775,768,770,9213,NABIL
9/1/2019,770,772,767,769,9261,NABIL
9/2/2019,769,769,756,758,6969,NABIL
9/3/2019,758,775,750,774,8894,NABIL
9/4/2019,774,781,770,777,15241,NABIL
9/5/2019,777,792,777,780,8861,NABIL
9/8/2019,780,781,775,776,9562,NABIL
9/9/2019,776,778,770,776,4931,NABIL
9/10/2019,776,775,767,769,7569,NABIL
9/10/2019,776,775,767,769,7569,NABIL
9/11/2019,769,772,765,772,4673,NABIL
9/12/2019,772,771,765,770,10514,NABIL
9/15/2019,770,775,759,759,6359,NABIL
9/16/2019,759,756,742,742,10591,NABIL
9/17/2019,742,766,745,750,10137,NABIL
9/18/2019,750,780,762,775,7924,NABIL
9/19/2019,775,784,770,770,13287,NABIL
9/22/2019,770,770,762,765,7591,NABIL
9/23/2019,765,768,760,760,6194,NABIL
9/24/2019,760,760,757,760,7998,NABIL
9/25/2019,760,765,759,759,3910,NABIL
9/26/2019,759,762,755,759,3989,NABIL
9/29/2019,759,760,751,752,3598,NABIL
9/30/2019,752,760,754,760,4706,NABIL
10/1/2019,760,777,761,772,2719,NABIL
10/2/2019,772,780,770,772,4486,NABIL
10/3/2019,772,778,769,769,5226,NABIL
10/10/2019,769,773,765,770,728,NABIL
10/14/2019,770,770,757,765,16518,NABIL
10/15/2019,765,765,760,763,4973,NABIL
10/16/2019,763,768,754,762,4902,NABIL
10/17/2019,762,765,759,760,8157,NABIL
10/20/2019,760,766,756,757,4145,NABIL
10/21/2019,757,764,755,758,6056,NABIL
10/22/2019,758,762,754,756,17493,NABIL
10/23/2019,756,765,756,762,3122,NABIL
10/24/2019,762,768,755,768,8808,NABIL
10/31/2019,768,768,753,761,6352,NABIL
11/3/2019,761,760,752,760,8041,NABIL
11/4/2019,760,780,762,768,25965,NABIL
11/5/2019,768,777,763,770,16182,NABIL
11/6/2019,770,774,765,768,13493,NABIL
11/7/2019,768,772,755,755,23312,NABIL
11/10/2019,755,763,753,755,10153,NABIL
11/11/2019,755,765,750,753,15505,NABIL
11/12/2019,753,765,749,750,21447,NABIL
11/13/2019,750,755,750,750,6681,NABIL
11/14/2019,750,754,749,749,3797,NABIL
11/17/2019,749,755,745,755,7383,NABIL
11/18/2019,755,756,750,755,23592,NABIL
11/19/2019,755,755,750,753,18207,NABIL
11/20/2019,753,760,750,750,29088,NABIL
11/21/2019,750,750,739,740,7681,NABIL
11/24/2019,740,742,730,730,12391,NABIL
11/25/2019,730,732,727,727,10567,NABIL
11/26/2019,727,735,725,730,8682,NABIL
11/27/2019,730,735,729,732,18463,NABIL
11/28/2019,732,733,724,725,15634,NABIL
12/1/2019,725,730,723,723,24232,NABIL
12/2/2019,723,726,723,725,6572,NABIL
12/3/2019,725,730,725,725,9589,NABIL
12/4/2019,725,729,725,725,9772,NABIL
12/5/2019,725,737,728,730,13130,NABIL
12/8/2019,730,739,725,729,11013,NABIL
12/9/2019,729,749,730,736,5466,NABIL
12/10/2019,736,745,736,743,4466,NABIL
12/11/2019,743,750,743,747,8847,NABIL
12/12/2019,747,751,744,749,16206,NABIL
12/15/2019,749,755,744,744,16928,NABIL
12/16/2019,744,750,737,737,11742,NABIL
12/17/2019,737,747,739,743,9416,NABIL
12/18/2019,743,750,742,748,15298,NABIL
12/19/2019,748,755,749,753,15015,NABIL
12/22/2019,753,760,750,756,34362,NABIL
12/23/2019,756,762,750,750,66023,NABIL
12/24/2019,669.64,670,660,667,22863,NABIL
12/25/2019,667,669,665,669,12220,NABIL
12/26/2019,669,677,665,676,14538,NABIL
12/29/2019,676,679,673,674,14830,NABIL
12/30/2019,674,687,673,675,17063,NABIL
12/31/2019,675,682,676,681,15116,NABIL
1/1/2020,681,690,680,690,10882,NABIL
1/2/2020,690,690,684,685,20018,NABIL
1/5/2020,685,699,690,697,17152,NABIL
1/6/2020,697,715,700,713,23487,NABIL
1/7/2020,713,734,719,722,24397,NABIL
1/8/2020,722,725,715,721,17879,NABIL
1/9/2020,721,723,711,716,9624,NABIL
1/12/2020,716,728,720,726,30359,NABIL
1/13/2020,726,749,726,730,40571,NABIL
1/14/2020,730,735,716,730,12535,NABIL
1/15/2020,730,743,733,740,11175,NABIL
1/16/2020,740,759,740,751,26914,NABIL
1/19/2020,751,766,757,764,22863,NABIL
1/20/2020,764,780,755,761,25615,NABIL
1/21/2020,761,767,749,755,18428,NABIL
1/22/2020,755,756,745,745,12755,NABIL
1/23/2020,745,745,722,727,19663,NABIL
1/26/2020,727,727,709,712,20914,NABIL
1/27/2020,712,729,706,720,17628,NABIL
1/28/2020,720,735,725,725,15203,NABIL
1/29/2020,725,732,721,724,10541,NABIL
1/30/2020,724,737,724,736,14728,NABIL
2/2/2020,736,754,740,752,37634,NABIL
2/3/2020,752,758,733,738,33172,NABIL
2/4/2020,738,744,732,739,27241,NABIL
2/5/2020,739,739,734,734,20827,NABIL
2/6/2020,734,740,726,726,15362,NABIL
2/9/2020,726,732,720,721,18422,NABIL
2/10/2020,721,727,716,720,23380,NABIL
2/11/2020,720,730,715,723,27491,NABIL
2/12/2020,723,729,721,722,11735,NABIL
2/13/2020,722,727,721,723,16258,NABIL
2/16/2020,723,726,719,724,17985,NABIL
2/17/2020,724,757,728,750,51893,NABIL
2/18/2020,750,765,744,753,47604,NABIL
2/19/2020,753,753,746,751,23379,NABIL
2/20/2020,751,755,746,755,21585,NABIL
2/23/2020,755,804,758,790,65129,NABIL
2/24/2020,790,821,791,800,93540,NABIL
2/25/2020,800,814,779,814,37640,NABIL
2/26/2020,814,875,828,870,83212,NABIL
2/27/2020,870,955,845,955,167082,NABIL
3/1/2020,955,1000,936,940,163043,NABIL
3/2/2020,940,939,850,850,68203,NABIL
3/3/2020,850,910,815,888,150206,NABIL
3/4/2020,888,888,838,847,107177,NABIL
3/5/2020,847,852,813,840,78904,NABIL
3/10/2020,840,824,776,776,60824,NABIL
3/11/2020,776,822,766,815,83501,NABIL
3/12/2020,815,831,784,790,65403,NABIL
3/15/2020,790,787,748,750,70304,NABIL
3/16/2020,750,764,723,750,55501,NABIL
3/17/2020,750,765,721,731,46620,NABIL
3/18/2020,731,739,700,715,43913,NABIL
3/19/2020,715,740,690,730,55806,NABIL
3/22/2020,730,744,700,701,15101,NABIL
5/12/2020,701,687,680,680,2295,NABIL
5/13/2020,680,667,660,660,435,NABIL
6/29/2020,660,680,594,660,40720,NABIL
6/30/2020,660,726,670,725,8769,NABIL
7/1/2020,725,770,725,770,15536,NABIL
7/2/2020,770,785,702,720,21024,NABIL
7/5/2020,720,734,699,729,59244,NABIL
7/6/2020,729,740,715,737,32963,NABIL
7/7/2020,737,751,740,744,41752,NABIL
7/8/2020,744,756,730,741,30143,NABIL
7/9/2020,741,749,725,742,30119,NABIL
7/12/2020,742,770,746,747,27529,NABIL
7/13/2020,747,769,741,742,28339,NABIL
7/14/2020,742,760,742,745,29973,NABIL
7/15/2020,745,765,744,765,43439,NABIL
7/16/2020,765,790,774,790,38787,NABIL
7/19/2020,790,869,805,869,711,NABIL
7/20/2020,869,955,816,879,118430,NABIL
7/21/2020,879,886,857,865,69536,NABIL
7/22/2020,865,875,846,846,51597,NABIL
7/23/2020,846,854,831,850,55386,NABIL
7/26/2020,850,870,853,861,58534,NABIL
7/27/2020,861,882,860,860,104636,NABIL
7/28/2020,860,872,854,854,51916,NABIL
7/29/2020,854,855,840,845,45527,NABIL
7/30/2020,845,854,840,851,41463,NABIL
8/2/2020,851,850,820,820,63388,NABIL
8/3/2020,820,828,808,824,42609,NABIL
8/5/2020,824,824,810,819,49182,NABIL
8/6/2020,819,859,801,814,21551,NABIL
8/9/2020,814,815,800,813,36927,NABIL
8/10/2020,813,840,810,832,47830,NABIL
8/11/2020,832,847,825,830,29776,NABIL
8/12/2020,830,844,821,836,23975,NABIL
8/13/2020,836,877,820,825,36200,NABIL
8/16/2020,825,835,810,822,29088,NABIL
8/17/2020,822,824,815,822,16623,NABIL
8/18/2020,822,840,824,830,20561,NABIL
8/19/2020,830,825,814,822,17216,NABIL
8/20/2020,822,822,812,817,10175,NABIL
8/23/2020,817,824,814,824,14020,NABIL
8/24/2020,824,835,825,830,22795,NABIL
8/25/2020,830,840,823,830,23396,NABIL
8/26/2020,830,850,830,841,44021,NABIL
8/27/2020,841,855,841,845,23000,NABIL
8/30/2020,845,850,835,839,11698,NABIL
8/31/2020,839,846,832,839,49117,NABIL
9/2/2020,839,866,839,858,68044,NABIL
9/3/2020,858,864,849,860,54696,NABIL
9/6/2020,860,903,854,855,56147,NABIL
9/7/2020,855,863,842,849,19865,NABIL
9/8/2020,849,858,840,846,21968,NABIL
9/9/2020,846,846,839,844,36262,NABIL
9/10/2020,844,868,844,845,26842,NABIL
9/13/2020,845,855,845,849,32164,NABIL
9/14/2020,849,870,852,856,33179,NABIL
9/15/2020,856,864,853,856,31304,NABIL
9/16/2020,856,858,850,853,15690,NABIL
9/17/2020,853,865,851,859,33660,NABIL
9/20/2020,859,895,870,880,72747,NABIL
9/21/2020,880,892,876,883,61628,NABIL
9/22/2020,883,890,870,871,51572,NABIL
9/23/2020,871,877,866,874,30912,NABIL
9/24/2020,874,877,866,875,23476,NABIL
9/27/2020,875,883,870,874,23447,NABIL
9/28/2020,874,885,868,871,17676,NABIL
9/29/2020,871,875,862,864,20446,NABIL
1/21/2018,343,348,343,343,9964,NICA
1/22/2018,343,345,341,345,7411,NICA
1/23/2018,345,343,337,341,7803,NICA
1/24/2018,341,347,339,344,7029,NICA
1/25/2018,344,351,344,351,22405,NICA
1/28/2018,351,348,344,346,12943,NICA
1/29/2018,346,348,341,348,17381,NICA
1/31/2018,348,346,341,344,12608,NICA
2/1/2018,344,350,341,347,22342,NICA
2/4/2018,347,350,347,348,16782,NICA
2/5/2018,348,348,346,348,8577,NICA
2/6/2018,348,349,344,346,7027,NICA
2/7/2018,346,345,341,341,4071,NICA
2/8/2018,341,344,339,342,9362,NICA
2/11/2018,342,347,343,347,5007,NICA
2/12/2018,347,349,344,349,7453,NICA
2/14/2018,349,348,344,348,11425,NICA
2/15/2018,348,357,347,357,26577,NICA
2/18/2018,357,364,350,360,31366,NICA
2/20/2018,360,363,354,354,29824,NICA
2/21/2018,354,350,346,347,5875,NICA
2/22/2018,347,354,345,348,6636,NICA
2/25/2018,348,348,343,347,11103,NICA
2/26/2018,347,347,343,343,11992,NICA
2/27/2018,343,348,342,345,13405,NICA
2/28/2018,345,345,342,342,2742,NICA
3/4/2018,342,340,331,334,18341,NICA
3/5/2018,334,339,331,334,17242,NICA
3/6/2018,334,339,330,339,20976,NICA
3/7/2018,339,344,338,340,11941,NICA
3/11/2018,340,335,326,327,45826,NICA
3/12/2018,327,333,320,327,44678,NICA
3/13/2018,327,327,324,326,12610,NICA
3/14/2018,326,326,322,325,6604,NICA
3/15/2018,325,328,324,326,31274,NICA
3/18/2018,326,327,323,324,8329,NICA
3/19/2018,324,325,319,319,17787,NICA
3/20/2018,319,321,315,316,16734,NICA
3/21/2018,316,315,306,309,18664,NICA
3/22/2018,309,314,302,304,19432,NICA
3/26/2018,304,303,294,298,15568,NICA
3/27/2018,298,309,285,308,13125,NICA
3/28/2018,308,309,300,307,15130,NICA
3/29/2018,307,318,307,315,10960,NICA
4/1/2018,315,316,303,308,11449,NICA
4/2/2018,308,308,305,308,2719,NICA
4/3/2018,308,308,303,308,5288,NICA
4/4/2018,308,314,307,310,5694,NICA
4/5/2018,310,319,311,318,14733,NICA
4/8/2018,318,332,320,330,25338,NICA
4/9/2018,330,336,323,328,15606,NICA
4/10/2018,328,332,316,322,9966,NICA
4/11/2018,322,323,316,323,3501,NICA
4/12/2018,323,328,322,323,8904,NICA
4/15/2018,323,322,314,318,13360,NICA
4/16/2018,318,326,318,324,10296,NICA
4/17/2018,324,332,322,330,13633,NICA
4/18/2018,330,348,328,338,17142,NICA
4/19/2018,338,349,335,346,33625,NICA
4/22/2018,346,357,341,356,33695,NICA
4/23/2018,356,361,348,350,35197,NICA
4/24/2018,350,349,342,343,14697,NICA
4/25/2018,343,344,339,340,15294,NICA
4/26/2018,340,342,336,336,24001,NICA
4/29/2018,336,339,331,334,42224,NICA
5/2/2018,334,338,331,338,11337,NICA
5/3/2018,338,342,338,341,32659,NICA
5/6/2018,341,340,335,337,11511,NICA
5/7/2018,337,342,332,337,17494,NICA
5/8/2018,337,341,335,339,15267,NICA
5/9/2018,339,343,337,342,14076,NICA
5/10/2018,342,343,337,338,12434,NICA
5/14/2018,338,341,337,339,20858,NICA
5/15/2018,339,340,338,340,2489,NICA
5/16/2018,340,340,337,340,4606,NICA
5/17/2018,340,342,339,340,12323,NICA
5/20/2018,340,345,339,340,10094,NICA
5/21/2018,340,343,338,340,6321,NICA
5/22/2018,340,340,338,338,8541,NICA
5/23/2018,338,338,336,336,7443,NICA
5/24/2018,336,338,334,334,26336,NICA
5/27/2018,334,333,327,329,10394,NICA
5/28/2018,329,341,328,333,5608,NICA
5/29/2018,333,338,330,338,6193,NICA
5/30/2018,338,344,336,338,14724,NICA
5/31/2018,338,340,334,337,16961,NICA
6/3/2018,337,338,324,328,9977,NICA
6/4/2018,328,329,322,326,7155,NICA
6/6/2018,326,338,332,334,3040,NICA
6/7/2018,334,333,326,327,6980,NICA
6/10/2018,327,325,317,321,12953,NICA
6/11/2018,321,325,315,322,17638,NICA
6/12/2018,322,325,319,325,4469,NICA
6/13/2018,325,325,319,324,2655,NICA
6/14/2018,324,330,324,327,8432,NICA
6/17/2018,327,325,318,320,23503,NICA
6/18/2018,320,326,315,318,4545,NICA
6/19/2018,318,320,313,318,83801,NICA
6/20/2018,318,320,317,318,2517,NICA
6/21/2018,318,320,314,315,2483,NICA
6/24/2018,315,321,313,316,1673,NICA
6/25/2018,316,318,313,313,4336,NICA
6/26/2018,313,318,309,310,18030,NICA
6/27/2018,310,315,306,312,7345,NICA
6/28/2018,312,316,312,314,15615,NICA
7/1/2018,314,321,311,311,4695,NICA
7/2/2018,311,316,306,306,12858,NICA
7/3/2018,306,312,306,311,7603,NICA
7/4/2018,311,316,309,315,8879,NICA
7/5/2018,315,320,313,320,12796,NICA
7/8/2018,320,322,315,319,5894,NICA
7/9/2018,319,317,313,316,12165,NICA
7/10/2018,316,323,316,320,8415,NICA
7/11/2018,320,322,311,311,9992,NICA
7/12/2018,311,315,311,315,13648,NICA
7/15/2018,315,317,311,317,5868,NICA
7/16/2018,317,319,315,316,3562,NICA
7/17/2018,316,320,316,316,4190,NICA
7/18/2018,316,317,316,317,4878,NICA
7/19/2018,317,317,312,312,7255,NICA
7/22/2018,312,312,307,310,11581,NICA
7/23/2018,310,311,308,311,951,NICA
7/24/2018,311,316,311,314,9354,NICA
7/25/2018,314,315,310,314,5938,NICA
7/26/2018,314,314,310,311,3729,NICA
7/29/2018,311,313,309,310,6690,NICA
7/30/2018,310,312,306,312,2672,NICA
7/31/2018,312,316,311,313,6326,NICA
8/1/2018,313,316,312,316,6318,NICA
8/2/2018,316,317,314,317,5531,NICA
8/5/2018,317,319,315,316,4436,NICA
8/6/2018,316,318,314,315,6141,NICA
8/7/2018,315,320,314,315,4293,NICA
8/8/2018,315,316,310,312,10693,NICA
8/9/2018,312,314,306,309,10753,NICA
8/12/2018,309,314,304,304,8903,NICA
8/13/2018,304,310,305,309,4058,NICA
8/14/2018,309,313,307,312,2453,NICA
8/15/2018,312,320,312,318,11005,NICA
8/16/2018,318,324,318,322,19874,NICA
8/19/2018,322,325,316,316,19853,NICA
8/20/2018,316,320,313,317,10193,NICA
8/21/2018,317,318,313,314,4251,NICA
8/22/2018,314,315,312,314,868,NICA
8/23/2018,314,315,311,313,24722,NICA
8/26/2018,313,315,313,313,3770,NICA
8/28/2018,313,325,311,325,19657,NICA
8/29/2018,325,325,319,325,15344,NICA
8/30/2018,325,342,322,340,62781,NICA
9/2/2018,340,361,334,359,91649,NICA
9/3/2018,359,370,356,366,93515,NICA
9/4/2018,366,389,360,383,89078,NICA
9/5/2018,383,391,376,383,90822,NICA
9/6/2018,383,384,372,378,42207,NICA
9/9/2018,378,385,372,382,66875,NICA
9/10/2018,382,385,375,384,38444,NICA
9/11/2018,384,391,381,390,70801,NICA
9/12/2018,390,408,386,408,128576,NICA
9/13/2018,408,425,410,413,133992,NICA
9/16/2018,413,422,408,408,87720,NICA
9/17/2018,408,415,401,411,52792,NICA
9/18/2018,411,411,405,407,40826,NICA
9/20/2018,407,423,407,423,112030,NICA
9/23/2018,423,447,420,440,161693,NICA
9/25/2018,440,459,442,447,138497,NICA
9/26/2018,447,451,434,441,60980,NICA
9/27/2018,441,445,434,438,48864,NICA
9/30/2018,438,444,432,442,72471,NICA
10/1/2018,442,442,430,435,57208,NICA
10/2/2018,435,435,426,430,37786,NICA
10/3/2018,430,432,422,422,59156,NICA
10/4/2018,422,429,415,425,39411,NICA
10/7/2018,425,427,417,422,39336,NICA
10/8/2018,422,429,420,427,30008,NICA
10/9/2018,427,434,425,428,38484,NICA
10/10/2018,428,435,423,427,16922,NICA
10/11/2018,427,436,425,431,35013,NICA
10/14/2018,431,440,430,436,36357,NICA
10/15/2018,436,446,436,441,36215,NICA
10/21/2018,441,453,434,450,40570,NICA
10/22/2018,450,452,445,448,17871,NICA
10/23/2018,448,448,442,447,38249,NICA
10/24/2018,447,446,439,445,28009,NICA
10/25/2018,445,445,437,445,26122,NICA
10/28/2018,445,453,428,430,52690,NICA
10/29/2018,430,430,423,424,32369,NICA
10/30/2018,424,434,425,430,17692,NICA
10/31/2018,430,427,419,419,20649,NICA
11/1/2018,419,425,416,420,30349,NICA
11/4/2018,420,419,411,413,28303,NICA
11/5/2018,413,423,414,419,38758,NICA
11/6/2018,419,421,413,423,2343,NICA
11/11/2018,423,431,410,416,19111,NICA
11/12/2018,416,420,416,419,9149,NICA
11/13/2018,419,427,419,425,19534,NICA
11/14/2018,425,432,421,424,3169,NICA
11/15/2018,424,429,417,417,16512,NICA
11/18/2018,417,426,416,418,70675,NICA
11/19/2018,418,418,412,413,17192,NICA
11/20/2018,413,413,409,411,19592,NICA
11/21/2018,411,415,407,415,8660,NICA
11/22/2018,415,415,410,410.79,8880,NICA
11/25/2018,410.79,412,405,407.63,8455,NICA
11/26/2018,407.63,411,405,410,9871,NICA
11/27/2018,410,416,409,411.11,12802,NICA
11/28/2018,411.11,413,403,407.73,9895,NICA
11/29/2018,407.73,416,403,405,11494,NICA
12/2/2018,405,413,398,400,36901,NICA
12/3/2018,400,416,398,403,22920,NICA
12/4/2018,403,409,403,409,45055,NICA
12/5/2018,371.82,409,353,358,34885,NICA
12/6/2018,358,358,351,357,22789,NICA
12/9/2018,357,375,355,375,23098,NICA
12/10/2018,375,385,375,382,20752,NICA
12/11/2018,382,385,374,375,31606,NICA
12/12/2018,375,380,372,373,5460,NICA
12/13/2018,373,381,373,378,30932,NICA
12/16/2018,378,388,378,383,23739,NICA
12/17/2018,383,388,380,388,33325,NICA
12/18/2018,388,390,376,380,55370,NICA
12/19/2018,380,383,378,380,28505,NICA
12/20/2018,380,386,380,380,43983,NICA
12/23/2018,380,394,380,392,46394,NICA
12/24/2018,392,395,386,386,29532,NICA
12/25/2018,386,386,380,381,29912,NICA
12/26/2018,381,396,381,395,35578,NICA
12/27/2018,395,400,388,389,21635,NICA
12/30/2018,389,389,384,387,15441,NICA
12/31/2018,387,387,377,377,14689,NICA
1/1/2019,377,383,377,380,7155,NICA
1/2/2019,380,382,378,382,19408,NICA
1/3/2019,382,385,381,383,8316,NICA
1/6/2019,383,383,377,377,9575,NICA
1/7/2019,377,383,377,379,17398,NICA
1/8/2019,379,384,379,382,26447,NICA
1/9/2019,382,392,382,388,43470,NICA
1/10/2019,388,390,385,390,28615,NICA
1/13/2019,390,392,383,384,74495,NICA
1/14/2019,384,390,384,386,8106,NICA
1/15/2019,386,392,386,390,15949,NICA
1/16/2019,390,401,390,398,77989,NICA
1/17/2019,398,401,395,396,27748,NICA
1/20/2019,396,397,392,392,6792,NICA
1/21/2019,392,399,389,389,17919,NICA
1/22/2019,389,392,389,390,7735,NICA
1/23/2019,390,394,390,392,8939,NICA
1/24/2019,392,396,391,392,20113,NICA
1/27/2019,392,392,389,391,27179,NICA
1/28/2019,391,394,391,393,12704,NICA
1/29/2019,393,393,389,390,24692,NICA
1/30/2019,390,392,390,392,23118,NICA
1/31/2019,392,394,390,391,11447,NICA
2/3/2019,391,395,390,390,22031,NICA
2/4/2019,390,392,388,389,31537,NICA
2/5/2019,389,394,389,389,14198,NICA
2/6/2019,389,390,384,387,12115,NICA
2/7/2019,387,390,385,390,9862,NICA
2/10/2019,390,391,382,385,20647,NICA
2/11/2019,385,387,381,386,10406,NICA
2/12/2019,386,393,384,386,11167,NICA
2/13/2019,386,392,384,384,15606,NICA
2/14/2019,384,389,380,384,17211,NICA
2/17/2019,384,388,383,387,13443,NICA
2/18/2019,387,387,383,385,13348,NICA
2/19/2019,385,389,385,389,10351,NICA
2/20/2019,389,395,385,387,6553,NICA
2/21/2019,387,388,382,384,13521,NICA
2/24/2019,384,385,368,370,36648,NICA
2/25/2019,370,377,370,374,16761,NICA
2/26/2019,374,380,373,376,9932,NICA
2/27/2019,376,382,375,378,7888,NICA
3/3/2019,378,380,377,378,13490,NICA
3/5/2019,378,382,377,381,31858,NICA
3/6/2019,381,386,378,385,22986,NICA
3/7/2019,385,392,385,391,26697,NICA
3/10/2019,391,396,385,394,10089,NICA
3/11/2019,394,400,393,400,55606,NICA
3/12/2019,400,404,397,401,50377,NICA
3/13/2019,401,405,396,399,33450,NICA
3/14/2019,399,400,395,399,20608,NICA
3/17/2019,399,405,400,401,38412,NICA
3/18/2019,401,402,397,398,21236,NICA
3/19/2019,398,402,398,399,3790,NICA
3/21/2019,399,399,395,395,22176,NICA
3/24/2019,395,399,393,396,11361,NICA
3/25/2019,396,400,394,398,8113,NICA
3/26/2019,398,400,395,398,15558,NICA
3/27/2019,398,400,397,398,13921,NICA
3/28/2019,398,403,396,398,15408,NICA
3/31/2019,398,402,399,400,24402,NICA
4/1/2019,400,410,400,410,54571,NICA
4/2/2019,410,426,410,426,89445,NICA
4/3/2019,426,439,421,436,101042,NICA
4/4/2019,436,444,431,440,107396,NICA
4/7/2019,440,472,439,468,147987,NICA
4/8/2019,468,478,462,466,161971,NICA
4/9/2019,466,471,456,458,116366,NICA
4/10/2019,458,469,457,466,63030,NICA
4/11/2019,466,471,465,469,54800,NICA
4/15/2019,469,473,466,470,39084,NICA
4/16/2019,470,498,470,492,106050,NICA
4/17/2019,492,498,484,487,92921,NICA
4/18/2019,487,493,481,482,60312,NICA
4/21/2019,482,495,478,494,94558,NICA
4/22/2019,494,500,483,484,79167,NICA
4/23/2019,484,495,478,490,58722,NICA
4/24/2019,490,508,490,506,128530,NICA
4/25/2019,506,515,502,507,88888,NICA
4/28/2019,507,512,501,502,84179,NICA
4/29/2019,502,502,495,496,62052,NICA
4/30/2019,496,500,492,495,23369,NICA
5/2/2019,495,495,488,491,31276,NICA
5/5/2019,491,490,483,483,35721,NICA
5/6/2019,483,496,480,496,39149,NICA
5/7/2019,496,502,484,494,33241,NICA
5/8/2019,494,496,490,493,19495,NICA
5/9/2019,493,493,487,488,25211,NICA
5/12/2019,488,498,482,498,40990,NICA
5/13/2019,498,501,486,487,42220,NICA
5/14/2019,487,499,487,493,39731,NICA
5/15/2019,493,500,491,491,49643,NICA
5/16/2019,491,495,487,490,25182,NICA
5/19/2019,490,491,484,484,38861,NICA
5/20/2019,484,491,481,483,38921,NICA
5/21/2019,483,487,480,482,39645,NICA
5/22/2019,482,485,481,484,25076,NICA
5/23/2019,484,486,481,484,24480,NICA
5/26/2019,484,485,476,477,36547,NICA
5/27/2019,477,482,475,480,31557,NICA
5/28/2019,480,482,476,480,20813,NICA
5/29/2019,480,485,480,480,19752,NICA
5/30/2019,480,502,483,485,67442,NICA
6/2/2019,485,484,478,478,49886,NICA
6/3/2019,478,475,465,468,193172,NICA
6/4/2019,468,474,463,470,30464,NICA
6/6/2019,470,475,458,460,62274,NICA
6/10/2019,460,465,449,451,91893,NICA
6/11/2019,451,458,447,457,60515,NICA
6/12/2019,457,466,455,458,33591,NICA
6/13/2019,458,471,454,454,39607,NICA
6/16/2019,454,472,451,451,35541,NICA
6/17/2019,451,460,451,454,32855,NICA
6/18/2019,454,462,455,461,43757,NICA
6/19/2019,461,470,461,466,46789,NICA
6/20/2019,466,475,465,471,30484,NICA
6/23/2019,471,480,460,466,26800,NICA
6/24/2019,466,469,465,467,29942,NICA
6/25/2019,467,473,466,469,21895,NICA
6/26/2019,469,475,466,467,14360,NICA
6/27/2019,467,475,462,463,21627,NICA
6/30/2019,463,463,456,456,27859,NICA
7/1/2019,456,458,449,456,38691,NICA
7/2/2019,456,461,453,455,31497,NICA
7/3/2019,455,472,456,462,20331,NICA
7/4/2019,462,469,460,462,16735,NICA
7/7/2019,462,476,455,458,22121,NICA
7/8/2019,458,455,450,452,31564,NICA
7/9/2019,452,454,444,449,42350,NICA
7/10/2019,449,449,443,445,37178,NICA
7/11/2019,445,450,443,445,39147,NICA
7/14/2019,445,450,441,443,15141,NICA
7/15/2019,443,447,441,446,46364,NICA
7/16/2019,446,450,444,448,14110,NICA
7/17/2019,448,457,450,456,26501,NICA
7/18/2019,456,464,456,459,28359,NICA
7/21/2019,459,462,455,461,14798,NICA
7/22/2019,461,468,458,463,16651,NICA
7/23/2019,463,469,462,465,12440,NICA
7/24/2019,465,479,465,474,32270,NICA
7/25/2019,474,476,465,467,33130,NICA
7/28/2019,467,465,457,459,47251,NICA
7/29/2019,459,464,460,462,15259,NICA
7/30/2019,462,467,463,465,7866,NICA
7/31/2019,465,474,465,468,12296,NICA
8/1/2019,468,473,465,467,20007,NICA
8/4/2019,467,474,465,467,12134,NICA
8/5/2019,467,469,463,465,34781,NICA
8/6/2019,465,464,451,458,43065,NICA
8/7/2019,458,460,451,453,17917,NICA
8/8/2019,453,455,449,449,15933,NICA
8/11/2019,449,452,447,449,11993,NICA
8/12/2019,449,450,448,450,12265,NICA
8/13/2019,450,453,448,449,5472,NICA
8/14/2019,449,450,443,443,18041,NICA
8/15/2019,443,450,443,444,46360,NICA
8/18/2019,444,458,449,451,54223,NICA
8/19/2019,451,464,451,460,37488,NICA
8/20/2019,460,461,453,453,29190,NICA
8/21/2019,453,457,451,454,38058,NICA
8/22/2019,454,462,452,454,42153,NICA
8/25/2019,454,453,448,448,32538,NICA
8/26/2019,448,450,446,447,31024,NICA
8/27/2019,447,451,447,447,52701,NICA
8/28/2019,447,471,438,439,72685,NICA
8/29/2019,439,450,437,439,29723,NICA
9/1/2019,439,462,439,440,15482,NICA
9/2/2019,440,471,435,436,11942,NICA
9/3/2019,436,449,426,449,50696,NICA
9/4/2019,449,453,440,451,22602,NICA
9/5/2019,451,454,447,449,29014,NICA
9/8/2019,449,453,448,448,35963,NICA
9/9/2019,448,450,443,448,15778,NICA
9/10/2019,448,450,443,448,27649,NICA
9/10/2019,448,450,443,448,27649,NICA
9/11/2019,448,454,444,447,22108,NICA
9/12/2019,447,450,445,448,79341,NICA
9/15/2019,407.27,441,390,391,22199,NICA
9/16/2019,391,391,377,380,31341,NICA
9/17/2019,380,390,376,387,18010,NICA
9/18/2019,387,398,387,395,23035,NICA
9/19/2019,395,400,384,387,10037,NICA
9/22/2019,387,393,378,383,7772,NICA
9/23/2019,383,390,378,379,13501,NICA
9/24/2019,379,381,376,379,13035,NICA
9/25/2019,379,381,375,376,15432,NICA
9/26/2019,376,377,375,375,14312,NICA
9/29/2019,375,377,372,375,22722,NICA
9/30/2019,375,378,375,378,9075,NICA
10/1/2019,378,384,375,384,5241,NICA
10/2/2019,384,390,382,384,7310,NICA
10/3/2019,384,401,383,389,8409,NICA
10/10/2019,389,389,383,385,3175,NICA
10/14/2019,385,385,378,378,10343,NICA
10/15/2019,378,385,378,385,11302,NICA
10/16/2019,385,390,383,386,15604,NICA
10/17/2019,386,387,384,386,10188,NICA
10/20/2019,386,400,382,382,12661,NICA
10/21/2019,382,389,382,384,6069,NICA
10/22/2019,384,391,384,391,24454,NICA
10/23/2019,391,401,390,398,37258,NICA
10/24/2019,398,414,400,411,84273,NICA
10/31/2019,411,418,408,408,29033,NICA
11/3/2019,408,408,402,405,10405,NICA
11/4/2019,405,405,397,400,10935,NICA
11/5/2019,400,401,397,397,13299,NICA
11/6/2019,397,404,396,400,20215,NICA
11/7/2019,400,403,397,399,10888,NICA
11/10/2019,399,406,397,400,27061,NICA
11/11/2019,400,406,398,404,21981,NICA
11/12/2019,404,406,398,398,12817,NICA
11/13/2019,398,400,398,399,8746,NICA
11/14/2019,399,406,399,406,22377,NICA
11/17/2019,406,420,410,418,94663,NICA
11/18/2019,418,424,415,417,33570,NICA
11/19/2019,417,419,410,411,21424,NICA
11/20/2019,411,417,407,410,20611,NICA
11/21/2019,410,413,400,404,31833,NICA
11/24/2019,404,406,396,400,21650,NICA
11/25/2019,400,408,398,405,10402,NICA
11/26/2019,405,406,403,406,24891,NICA
11/27/2019,406,408,405,408,16628,NICA
11/28/2019,408,410,406,406,19814,NICA
12/1/2019,406,407,405,406,30520,NICA
12/2/2019,406,407,404,404,26575,NICA
12/3/2019,404,407,403,405,31452,NICA
12/4/2019,405,409,403,403,47834,NICA
12/5/2019,403,408,405,407,24306,NICA
12/8/2019,407,409,404,405,24612,NICA
12/9/2019,405,410,405,410,17775,NICA
12/10/2019,410,415,409,410,20176,NICA
12/11/2019,410,415,410,414,13581,NICA
12/12/2019,414,418,412,414,17030,NICA
12/15/2019,414,424,414,421,62405,NICA
12/16/2019,421,425,414,418,46637,NICA
12/17/2019,418,418,413,414,24206,NICA
12/18/2019,414,420,414,416,17181,NICA
12/19/2019,416,418,413,413,23427,NICA
12/22/2019,413,419,412,415,23136,NICA
12/23/2019,415,421,414,415,46469,NICA
12/24/2019,415,419,414,414,34008,NICA
12/25/2019,414,416,413,413,41239,NICA
12/26/2019,413,414,412,412,35827,NICA
12/29/2019,412,415,406,408,18417,NICA
12/30/2019,408,408,405,405,28616,NICA
12/31/2019,405,414,407,408,28129,NICA
1/1/2020,408,413,408,411,35563,NICA
1/2/2020,411,415,411,413,41445,NICA
1/5/2020,413,431,413,427,102503,NICA
1/6/2020,427,441,428,440,194558,NICA
1/7/2020,440,449,435,438,146948,NICA
1/8/2020,438,442,432,434,98321,NICA
1/9/2020,434,437,431,433,33427,NICA
1/12/2020,433,451,438,446,91556,NICA
1/13/2020,446,459,445,450,123765,NICA
1/14/2020,450,450,443,443,64306,NICA
1/15/2020,443,474,446,472,160108,NICA
1/16/2020,472,484,475,475,142355,NICA
1/19/2020,475,489,475,477,131384,NICA
1/20/2020,477,492,470,479,125366,NICA
1/21/2020,479,493,480,482,195430,NICA
1/22/2020,482,490,477,478,61558,NICA
1/23/2020,478,485,470,472,55322,NICA
1/26/2020,472,475,466,467,63904,NICA
1/27/2020,467,474,464,471,57507,NICA
1/28/2020,471,480,474,475,42456,NICA
1/29/2020,475,478,469,470,31065,NICA
1/30/2020,470,483,470,480,65696,NICA
2/2/2020,480,493,482,492,128887,NICA
2/3/2020,492,496,487,488,71812,NICA
2/4/2020,488,489,481,481,63839,NICA
2/5/2020,481,500,480,482,45781,NICA
2/6/2020,482,485,479,481,66736,NICA
2/9/2020,481,490,478,483,71613,NICA
2/10/2020,483,489,482,488,73372,NICA
2/11/2020,488,505,490,503,228518,NICA
2/12/2020,503,510,504,508,123088,NICA
2/13/2020,508,509,500,503,99381,NICA
2/16/2020,503,511,502,511,78765,NICA
2/17/2020,511,545,513,539,164128,NICA
2/18/2020,539,558,540,548,194043,NICA
2/19/2020,548,553,543,547,109712,NICA
2/20/2020,547,554,548,554,106954,NICA
2/23/2020,554,602,556,596,159238,NICA
2/24/2020,596,619,590,594,174260,NICA
2/25/2020,594,598,575,595,153538,NICA
2/26/2020,595,615,595,610,166838,NICA
2/27/2020,610,663,587,660,330732,NICA
3/1/2020,660,680,636,639,334054,NICA
3/2/2020,639,639,600,603,236109,NICA
3/3/2020,603,621,579,608,305633,NICA
3/4/2020,608,610,577,577,220724,NICA
3/5/2020,577,589,560,575,168687,NICA
3/10/2020,575,564,526,526,149878,NICA
3/11/2020,526,569,520,567,265635,NICA
3/12/2020,567,569,545,550,210135,NICA
3/15/2020,550,547,518,518,215664,NICA
3/16/2020,518,531,511,522,246391,NICA
3/17/2020,522,522,501,508,197047,NICA
3/18/2020,508,518,491,502,166700,NICA
3/19/2020,502,515,482,509,192055,NICA
3/22/2020,509,510,488,496,22489,NICA
5/12/2020,496,487,482,482,95,NICA
5/13/2020,482,473,468,468,60,NICA
6/29/2020,468,479,422,469,75742,NICA
6/30/2020,469,510,462,506,10579,NICA
7/1/2020,506,534,514,525,33967,NICA
7/2/2020,525,530,473,485,44886,NICA
7/5/2020,485,502,472,490,64804,NICA
7/6/2020,490,500,480,499,35198,NICA
7/7/2020,499,517,499,510,72828,NICA
7/8/2020,510,515,500,505,35217,NICA
7/9/2020,505,509,496,502,69253,NICA
7/12/2020,502,515,506,510,88061,NICA
7/13/2020,510,518,509,516,91574,NICA
7/14/2020,516,541,518,533,90120,NICA
7/15/2020,533,555,539,553,189465,NICA
7/16/2020,553,571,557,570,100312,NICA
7/19/2020,570,627,581,627,1111,NICA
7/20/2020,627,671,584,595,288033,NICA
7/21/2020,595,604,580,587,193137,NICA
7/22/2020,587,600,578,580,121795,NICA
7/23/2020,580,582,569,579,102536,NICA
7/26/2020,579,598,580,594,146673,NICA
7/27/2020,594,605,586,588,101036,NICA
7/28/2020,588,592,579,580,96294,NICA
7/29/2020,580,579,570,570,155181,NICA
7/30/2020,570,577,565,570,89310,NICA
8/2/2020,570,566,552,552,125621,NICA
8/3/2020,552,560,544,556,93087,NICA
8/5/2020,556,553,542,550,89373,NICA
8/6/2020,550,551,537,548,73572,NICA
8/9/2020,548,555,538,553,49047,NICA
8/10/2020,553,576,550,574,128478,NICA
8/11/2020,574,582,570,572,74503,NICA
8/12/2020,572,580,564,574,67657,NICA
8/13/2020,574,583,570,577,120252,NICA
8/16/2020,577,575,560,566,71817,NICA
8/17/2020,566,569,562,566,37723,NICA
8/18/2020,566,570,562,565,43780,NICA
8/19/2020,565,563,553,554,59039,NICA
8/20/2020,554,564,554,560,15745,NICA
8/23/2020,560,571,557,565,23761,NICA
8/24/2020,565,579,568,574,99698,NICA
8/25/2020,574,581,573,576,94522,NICA
8/26/2020,576,600,577,590,176951,NICA
8/27/2020,590,600,586,588,140837,NICA
8/30/2020,588,587,579,581,44108,NICA
8/31/2020,581,600,581,589,169903,NICA
9/2/2020,589,604,592,599,192770,NICA
9/3/2020,599,611,592,595,68906,NICA
9/6/2020,595,624,582,588,114541,NICA
9/7/2020,588,592,576,577,72833,NICA
9/8/2020,577,582,570,579,49349,NICA
9/9/2020,579,582,571,577,62944,NICA
9/10/2020,577,586,576,576,48020,NICA
9/13/2020,576,587,574,587,93975,NICA
9/14/2020,587,595,584,589,70052,NICA
9/15/2020,589,590,580,581,46177,NICA
9/16/2020,581,582,575,579,43649,NICA
9/17/2020,579,593,579,590,115847,NICA
9/20/2020,590,604,591,592,81497,NICA
9/21/2020,592,610,584,589,54931,NICA
9/22/2020,589,590,576,577,72466,NICA
9/23/2020,577,581,572,578,33384,NICA
9/24/2020,578,606,576,579,37060,NICA
9/27/2020,579,607,575,580,48614,NICA
9/28/2020,580,584,578,579,46486,NICA
9/29/2020,579,579,570,573,58385,NICA
