Date,High,Low,Close,Volume
9/17/2015,975,949,952,28849
9/22/2015,950,913,920,23240
9/23/2015,958,936,940,19431
9/24/2015,957,925,949,19391
9/28/2015,938,910,938,17729
9/29/2015,960,938,960,12392
9/30/2015,986,955,985,30770
10/1/2015,1010,970,993,29266
10/4/2015,1012,980,985,29292
10/5/2015,979,970,970,22203
10/6/2015,970,946,946,11879
10/7/2015,965,925,951,9423
10/8/2015,955,933,950,9440
10/11/2015,941,915,920,13136
10/14/2015,918,908,909,7491
10/15/2015,927,900,914,9840
10/18/2015,906,896,896,10125
10/19/2015,912,890,911,13288
10/25/2015,900,881,897,6765
10/27/2015,892,861,866,10718
10/28/2015,880,840,874,13802
10/29/2015,891,870,880,11730
11/1/2015,872,850,866,4126
11/2/2015,885,869,878,8389
11/3/2015,868,860,868,3149
11/4/2015,893,866,877,6344
11/5/2015,876,867,872,7385
11/8/2015,865,857,860,5009
11/9/2015,894,870,894,7945
11/10/2015,891,875,889,8335
11/15/2015,874,860,874,3025
11/16/2015,865,851,860,6603
11/18/2015,880,870,875,5915
11/19/2015,874,857,871,3183
11/22/2015,855,839,839,9270
11/23/2015,840,817,840,13496
11/24/2015,835,824,835,13585
11/25/2015,835,822,835,6702
11/26/2015,824,801,815,15623
11/29/2015,814,787,787,10979
11/30/2015,808,787,800,11386
12/1/2015,840,810,838,6761
12/2/2015,840,802,818,7157
12/3/2015,850,815,838,16673
12/6/2015,884,851,884,23660
12/7/2015,895,875,892,24009
12/8/2015,905,875,903,21148
12/9/2015,923,905,920,33780
12/10/2015,940,920,939,54716
12/13/2015,960,910,920,19927
12/14/2015,916,902,907,12553
12/15/2015,921,910,915,13654
12/16/2015,918,900,907,9714
12/17/2015,915,901,915,17448
12/20/2015,957,901,957,30396
12/21/2015,1052,976,1052,93168
12/22/2015,1157,1021,1029,119750
12/23/2015,1036,1006,1008,54700
12/24/2015,1019,1002,1012,34569
12/27/2015,1024,1012,1019,22998
12/28/2015,1017,1000,1000,30514
12/29/2015,1008,998,1006,22015
12/31/2015,1015,999,999,34876
1/3/2016,1021,1000,1014,50335
1/4/2016,1034,1010,1012,41061
1/5/2016,1012,999,999,42311
1/6/2016,1007,995,999,54491
1/7/2016,1010,991,997,101756
1/10/2016,725,700,700,7483
1/11/2016,705,695,700,6752
1/12/2016,719,699,719,12534
1/13/2016,715,706,706,1880
1/14/2016,708,700,705,4225
1/17/2016,729,705,729,6444
1/18/2016,765,715,724,9066
1/19/2016,728,718,728,4087
1/20/2016,720,715,715,4750
1/21/2016,717,711,714,8086
1/24/2016,724,715,720,9158
1/25/2016,730,715,720,14597
1/26/2016,724,715,720,11030
1/27/2016,720,710,712,4489
1/28/2016,711,707,710,8349
1/31/2016,710,700,709,3143
2/1/2016,726,710,721,10652
2/2/2016,740,720,723,29888
2/3/2016,750,725,725,27172
2/4/2016,735,724,726,14681
2/7/2016,740,722,726,12458
2/8/2016,732,722,722,17546
2/11/2016,726,720,723,8473
2/14/2016,737,722,722,13211
2/15/2016,725,714,718,5195
2/16/2016,720,711,711,8228
2/17/2016,725,710,723,8159
2/18/2016,738,709,733,21176
2/21/2016,759,740,749,38252
2/22/2016,760,737,755,29107
2/23/2016,769,747,755,11757
2/24/2016,760,740,745,8323
2/25/2016,748,725,744,10460
2/28/2016,750,735,741,14002
2/29/2016,745,735,740,18226
3/1/2016,742,735,735,3637
3/2/2016,742,730,741,7179
3/3/2016,743,738,740,11804
3/6/2016,749,740,745,5534
3/10/2016,750,740,742,15243
3/13/2016,756,741,741,9949
3/14/2016,744,739,740,14969
3/15/2016,742,738,740,6928
3/16/2016,746,737,739,13251
3/17/2016,753,741,742,5356
3/20/2016,749,739,747,8174
3/21/2016,761,746,750,16186
3/23/2016,761,745,755,6157
3/24/2016,762,750,760,35795
3/27/2016,800,770,785,24001
3/28/2016,800,780,790,15039
3/29/2016,792,768,780,11369
3/30/2016,782,774,774,7723
3/31/2016,775,762,765,7924
4/3/2016,770,752,767,9855
4/4/2016,773,761,770,5189
4/5/2016,785,775,775,5184
4/6/2016,779,772,775,9094
4/10/2016,790,776,776,10945
4/11/2016,781,776,776,7145
4/12/2016,790,778,782,12984
4/14/2016,836,785,807,18822
4/17/2016,830,813,830,18250
4/18/2016,877,833,872,30191
4/19/2016,884,843,854,36006
4/20/2016,866,852,859,19102
4/21/2016,867,847,851,20159
4/24/2016,871,843,850,29317
4/25/2016,880,856,875,44819
4/26/2016,888,863,863,33328
4/27/2016,880,851,876,23594
4/28/2016,878,860,865,17778
5/2/2016,871,856,861,19569
5/3/2016,865,858,864,25556
5/4/2016,879,855,878,56355
5/5/2016,903,864,900,58825
5/8/2016,950,914,950,128264
5/9/2016,969,934,959,77126
5/10/2016,965,926,935,62743
5/11/2016,935,911,920,81424
5/12/2016,944,913,923,144468
5/15/2016,788,758,780,42382
5/16/2016,780,766,772,15287
5/17/2016,771,760,763,6985
5/18/2016,771,763,770,17096
5/19/2016,785,755,768,25776
5/22/2016,784,765,775,17858
5/23/2016,784,775,777,31204
5/24/2016,799,782,790,31735
5/25/2016,796,768,771,28732
5/26/2016,780,755,772,37018
5/29/2016,775,754,756,18969
5/30/2016,760,745,745,16065
5/31/2016,757,746,749,31109
6/1/2016,755,740,747,20448
6/2/2016,750,732,740,29789
6/5/2016,740,718,718,21699
6/6/2016,750,710,732,14794
6/7/2016,749,735,741,20109
6/8/2016,760,745,750,9532
6/9/2016,750,743,743,14948
6/12/2016,760,730,754,26571
6/13/2016,780,738,760,15077
6/14/2016,763,748,756,26580
6/15/2016,755,735,745,19930
6/16/2016,751,736,745,19188
6/19/2016,749,730,736,12918
6/20/2016,749,735,739,9017
6/21/2016,749,739,745,12279
6/22/2016,770,751,759,30361
6/23/2016,770,756,757,14530
6/26/2016,775,760,774,13930
6/27/2016,800,780,800,34968
6/28/2016,829,800,810,42740
6/29/2016,819,805,812,37075
6/30/2016,811,794,808,24263
7/3/2016,802,784,797,19671
7/4/2016,800,790,795,14872
7/5/2016,801,775,794,9935
7/6/2016,805,793,799,16892
7/10/2016,805,790,800,35767
7/11/2016,814,790,790,27117
7/12/2016,799,776,783,26481
7/13/2016,780,765,778,21074
7/14/2016,804,780,798,38266
7/17/2016,825,795,824,32592
7/18/2016,906,840,880,56056
7/19/2016,910,863,898,80145
7/20/2016,933,878,904,84210
7/21/2016,919,880,890,43448
7/25/2016,901,885,899,55981
7/26/2016,925,895,901,47795
7/27/2016,934,901,914,43251
7/28/2016,922,900,910,42814
7/31/2016,910,895,896,22432
8/1/2016,896,868,879,31294
8/2/2016,885,868,873,18631
8/3/2016,875,850,869,23967
8/4/2016,860,837,845,37522
8/7/2016,872,845,849,30297
8/8/2016,835,790,791,19988
8/9/2016,854,806,854,2400
8/10/2016,881,810,850,43751
8/11/2016,852,845,846,18495
8/14/2016,850,817,830,23569
8/15/2016,820,800,815,19258
8/16/2016,820,799,811,17079
8/17/2016,844,819,838,13932
8/21/2016,840,812,820,10624
8/22/2016,813,804,805,13402
8/23/2016,818,799,810,14078
8/24/2016,826,804,820,20315
8/28/2016,890,836,890,125529
8/29/2016,893,878,884,50459
8/30/2016,903,885,892,40767
8/31/2016,895,880,890,23912
9/1/2016,900,885,889,27977
9/4/2016,904,885,885,16990
9/5/2016,900,888,895,54714
9/6/2016,918,893,912,49187
9/7/2016,902,880,895,25027
9/8/2016,903,890,903,17857
9/11/2016,903,881,895,38682
9/12/2016,901,880,899,39233
9/14/2016,920,894,894,80530
9/18/2016,894,875,885,49880
9/20/2016,898,867,880,144031
9/21/2016,711,665,680,18405
9/22/2016,680,661,665,17244
9/25/2016,655,630,635,21743
9/26/2016,663,626,663,12019
9/27/2016,671,650,660,13753
9/28/2016,660,646,650,9601
9/29/2016,663,642,650,10265
10/2/2016,660,645,648,8574
10/3/2016,660,650,658,6433
10/4/2016,664,655,663,8348
10/5/2016,680,659,680,9946
10/6/2016,683,674,678,8003
10/16/2016,666,658,660,3547
10/17/2016,660,647,651,5758
10/18/2016,655,644,646,6085
10/19/2016,651,642,648,6977
10/20/2016,651,643,648,3303
10/23/2016,650,633,635,6063
10/24/2016,636,624,627,6771
10/25/2016,626,610,615,10593
10/26/2016,615,600,609,19957
10/27/2016,620,608,610,6749
11/3/2016,620,608,614,2568
11/7/2016,618,606,612,9272
11/8/2016,612,595,596,6455
11/9/2016,606,580,582,10255
11/10/2016,598,587,591,19889
11/13/2016,592,585,587,6912
11/14/2016,595,582,586,12668
11/15/2016,592,570,570,15963
11/16/2016,579,570,570,8105
11/17/2016,575,545,547,21731
11/20/2016,550,522,530,39521
11/21/2016,565,527,545,18853
11/22/2016,550,525,540,18744
11/23/2016,542,525,533,22374
11/24/2016,553,525,535,15416
11/27/2016,531,505,508,20997
11/28/2016,545,488,534,21646
11/29/2016,566,514,562,21579
11/30/2016,580,555,573,21959
12/1/2016,582,560,569,24219
12/4/2016,567,555,555,14632
12/5/2016,560,528,533,15295
12/6/2016,545,530,539,14565
12/7/2016,544,535,539,7217
12/8/2016,540,534,536,8066
12/11/2016,538,522,529,10906
12/12/2016,537,515,530,3967
12/14/2016,540,521,534,9427
12/15/2016,537,530,537,5999
12/18/2016,537,525,535,6606
12/19/2016,537,525,525,6368
12/20/2016,525,512,520,5450
12/21/2016,519,501,510,8363
12/22/2016,515,501,514,3320
12/26/2016,515,493,497,9448
12/27/2016,505,476,482,13779
12/28/2016,495,480,486,11911
12/29/2016,502,494,502,15310
1/1/2017,516,502,510,7855
1/2/2017,522,508,522,9528
1/3/2017,520,503,508,11020
1/4/2017,510,493,508,7959
1/5/2017,508,496,503,11264
1/8/2017,500,490,497,14975
1/9/2017,503,491,503,12959
1/10/2017,508,501,501,7145
1/11/2017,510,499,500,8569
1/12/2017,505,498,505,11634
1/15/2017,505,495,503,2861
1/16/2017,503,495,497,7255
1/17/2017,500,492,500,8214
1/18/2017,510,491,499,12104
1/19/2017,500,495,496,5109
1/22/2017,501,494,494,8247
1/23/2017,493,488,488,9530
1/24/2017,494,471,480,12559
1/25/2017,479,454,465,13693
1/26/2017,469,447,456,20406
1/30/2017,451,437,445,21770
1/31/2017,464,439,455,10784
2/1/2017,479,456,477,11343
2/2/2017,495,462,475,15489
2/5/2017,473,453,466,5095
2/6/2017,466,458,460,5397
2/7/2017,463,434,458,11518
2/8/2017,459,435,438,23079
2/9/2017,435,421,426,21780
2/12/2017,426,407,414,16125
2/13/2017,423,400,423,31399
2/14/2017,423,405,407,11603
2/15/2017,430,410,429,12093
2/16/2017,448,421,446,25025
2/19/2017,454,423,444,30607
2/20/2017,451,439,440,16082
2/21/2017,449,432,435,18519
2/22/2017,435,425,425,8577
2/23/2017,433,420,422,11868
2/26/2017,425,418,420,3185
2/28/2017,422,410,417,3580
3/1/2017,420,417,419,5816
3/2/2017,424,419,423,7026
3/5/2017,431,416,431,6998
3/6/2017,438,426,431,10286
3/7/2017,430,422,425,3819
3/9/2017,437,425,432,8613
3/13/2017,439,432,435,10695
3/14/2017,441,435,435,16549
3/15/2017,440,430,439,10404
3/16/2017,444,437,440,16755
3/19/2017,450,436,449,29956
3/20/2017,424,403,424,7412
3/21/2017,432,418,432,7603
3/22/2017,451,433,436,21202
3/23/2017,444,428,432,11678
3/26/2017,455,435,450,15335
3/28/2017,477,450,477,11946
3/29/2017,504,451,471,29039
3/30/2017,470,460,460,11655
4/2/2017,496,469,491,9033
4/3/2017,540,482,490,22972
4/4/2017,510,481,485,28912
4/6/2017,488,472,484,10529
4/9/2017,499,479,480,13087
4/10/2017,485,476,482,7953
4/11/2017,518,482,515,25801
4/12/2017,525,508,508,37185
4/13/2017,516,498,504,21185
4/16/2017,510,482,482,7761
4/18/2017,490,463,469,15342
4/19/2017,502,470,502,23524
4/20/2017,520,485,495,25355
4/23/2017,530,504,509,28303
4/24/2017,507,495,495,13024
4/25/2017,500,488,492,18904
4/26/2017,498,485,489,10384
4/27/2017,493,478,483,6941
4/30/2017,485,464,470,32564
5/2/2017,479,457,470,7684
5/3/2017,489,470,475,12835
5/4/2017,476,466,471,13536
5/7/2017,472,460,463,11320
5/8/2017,470,462,465,4816
5/9/2017,468,462,466,12151
5/11/2017,473,465,470,12123
5/15/2017,483,466,472,8925
5/16/2017,470,464,465,8482
5/17/2017,472,461,464,10087
5/18/2017,468,460,465,12050
5/21/2017,465,459,460,13712
5/22/2017,456,450,453,9814
5/23/2017,465,455,462,6832
5/24/2017,463,456,461,7177
5/28/2017,455,450,455,7627
5/30/2017,463,449,451,13491
5/31/2017,458,447,455,12546
6/1/2017,460,450,450,6680
6/4/2017,455,444,447,17317
6/5/2017,459,442,455,14454
6/6/2017,465,455,465,14634
6/7/2017,470,452,453,16302
6/8/2017,465,445,450,11279
6/11/2017,447,438,438,20165
6/12/2017,442,432,435,6720
6/13/2017,446,431,440,7458
6/14/2017,446,435,440,7361
6/15/2017,447,430,445,13314
6/18/2017,447,433,438,7346
6/19/2017,440,433,436,2687
6/20/2017,437,425,436,8393
6/21/2017,437,428,431,6474
6/22/2017,433,430,432,6999
6/25/2017,441,433,439,10108
6/27/2017,444,435,442,11037
6/28/2017,442,435,436,11771
7/2/2017,435,422,427,10121
7/3/2017,432,426,430,7507
7/4/2017,440,424,431,9683
7/5/2017,435,428,435,7725
7/6/2017,442,434,441,7012
7/9/2017,452,440,445,15841
7/10/2017,446,443,445,6158
7/11/2017,450,440,446,4786
7/12/2017,452,445,450,8340
7/13/2017,448,443,445,5038
7/16/2017,453,440,442,11997
7/17/2017,455,444,455,11095
7/18/2017,475,458,474,30535
7/19/2017,483,468,470,17403
7/20/2017,480,470,472,26329
7/23/2017,480,464,466,30287
7/24/2017,470,456,460,25111
7/25/2017,469,460,463,10580
7/26/2017,466,455,459,16769
7/27/2017,465,457,458,8279
7/30/2017,468,450,458,10079
7/31/2017,465,458,461,10283
8/1/2017,465,458,462,12151
8/2/2017,466,462,463,12444
8/3/2017,470,464,469,24579
8/6/2017,478,468,468,18709
8/7/2017,474,468,468,18924
8/9/2017,475,465,465,14262
8/10/2017,465,459,462,8816
8/13/2017,473,465,467,54872
8/15/2017,470,459,463,15597
8/16/2017,472,460,462,17261
8/17/2017,470,460,462,20057
8/20/2017,465,456,456,18074
8/21/2017,460,449,457,11655
8/22/2017,460,452,457,13414
8/23/2017,463,451,455,16330
8/24/2017,460,455,458,13033
8/27/2017,481,464,470,62701
8/28/2017,472,462,465,32657
8/30/2017,465,448,451,87940
8/31/2017,450,438,441,142581
9/4/2017,365,344,346,23965
9/6/2017,358,345,349,15960
9/7/2017,353,345,345,10659
9/10/2017,345,339,340,19619
9/11/2017,346,335,346,14034
9/12/2017,345,335,342,12972
9/13/2017,345,331,340,9124
9/14/2017,349,335,346,13386
9/17/2017,353,344,353,10391
9/18/2017,357,352,353,9526
9/20/2017,352,346,348,8406
9/24/2017,351,344,350,4527
9/25/2017,357,350,356,5365
9/26/2017,360,354,357,5974
10/3/2017,370,359,365,3978
10/4/2017,369,350,350,10450
10/8/2017,350,341,348,13409
10/9/2017,352,342,350,7348
10/10/2017,350,345,346,12361
10/11/2017,351,342,351,8660
10/12/2017,357,352,354,8392
10/15/2017,355,349,355,6036
10/16/2017,372,355,372,11856
10/17/2017,382,363,375,18138
10/18/2017,378,369,378,8754
10/22/2017,381,365,369,33415
10/23/2017,370,348,366,21882
10/24/2017,368,359,362,20778
10/25/2017,365,359,363,4063
10/29/2017,363,357,358,11839
10/30/2017,363,353,363,10493
10/31/2017,364,362,363,3442
11/1/2017,363,357,357,22323
11/2/2017,360,349,353,10044
11/5/2017,360,347,360,16310
11/6/2017,356,346,354,3918
11/7/2017,360,347,347,9870
11/8/2017,346,338,340,19862
11/9/2017,345,335,340,28151
11/12/2017,351,340,351,8625
11/13/2017,353,349,353,14865
11/14/2017,359,350,356,12073
11/15/2017,363,354,359,11657
11/16/2017,355,348,351,15488
11/19/2017,355,343,350,21715
11/20/2017,352,344,345,27602
11/21/2017,351,344,350,5861
11/22/2017,351,346,351,12911
11/23/2017,360,351,360,7226
11/26/2017,365,360,365,16104
11/27/2017,366,361,362,16846
11/28/2017,365,358,360,11498
11/29/2017,371,360,367,24683
11/30/2017,372,365,370,11206
12/4/2017,371,358,361,5819
12/5/2017,365,358,363,9511
12/6/2017,365,358,362,11257
12/10/2017,363,356,357,7932
12/11/2017,360,357,357,1292
12/12/2017,361,357,358,10265
12/13/2017,360,355,359,6093
12/14/2017,365,359,365,7250
12/17/2017,360,351,355,5006
12/18/2017,363,354,360,19571
12/19/2017,360,353,360,7876
12/20/2017,360,352,352,8188
12/21/2017,351,347,349,9168
12/24/2017,351,346,349,15350
12/26/2017,347,342,343,7661
12/27/2017,345,332,339,16281
12/28/2017,343,336,339,7672
12/31/2017,344,331,337,13062
1/1/2018,346,337,344,15700
1/2/2018,347,339,342,11570
1/3/2018,341,336,336,10654
1/4/2018,342,335,338,10327
1/7/2018,347,337,345,9386
1/8/2018,350,345,348,17120
1/9/2018,350,348,350,10010
1/10/2018,349,344,346,8821
1/14/2018,346,340,345,12291
1/16/2018,351,342,347,16550
1/17/2018,347,341,343,8376
1/21/2018,348,343,343,9964
1/22/2018,345,341,345,7411
1/23/2018,343,337,341,7803
1/24/2018,347,339,344,7029
1/25/2018,351,344,351,22405
1/28/2018,348,344,346,12943
1/29/2018,348,341,348,17381
1/31/2018,346,341,344,12608
2/1/2018,350,341,347,22342
2/4/2018,350,347,348,16782
2/5/2018,348,346,348,8577
2/6/2018,349,344,346,7027
2/7/2018,345,341,341,4071
2/8/2018,344,339,342,9362
2/11/2018,347,343,347,5007
2/12/2018,349,344,349,7453
2/14/2018,348,344,348,11425
2/15/2018,357,347,357,26577
2/18/2018,364,350,360,31366
2/20/2018,363,354,354,29824
2/21/2018,350,346,347,5875
2/22/2018,354,345,348,6636
2/25/2018,348,343,347,11103
2/26/2018,347,343,343,11992
2/27/2018,348,342,345,13405
2/28/2018,345,342,342,2742
3/4/2018,340,331,334,18341
3/5/2018,339,331,334,17242
3/6/2018,339,330,339,20976
3/7/2018,344,338,340,11941
3/11/2018,335,326,327,45826
3/12/2018,333,320,327,44678
3/13/2018,327,324,326,12610
3/14/2018,326,322,325,6604
3/15/2018,328,324,326,31274
3/18/2018,327,323,324,8329
3/19/2018,325,319,319,17787
3/20/2018,321,315,316,16734
3/21/2018,315,306,309,18664
3/22/2018,314,302,304,19432
3/26/2018,303,294,298,15568
3/27/2018,309,285,308,13125
3/28/2018,309,300,307,15130
3/29/2018,318,307,315,10960
4/1/2018,316,303,308,11449
4/2/2018,308,305,308,2719
4/3/2018,308,303,308,5288
4/4/2018,314,307,310,5694
4/5/2018,319,311,318,14733
4/8/2018,332,320,330,25338
4/9/2018,336,323,328,15606
4/10/2018,332,316,322,9966
4/11/2018,323,316,323,3501
4/12/2018,328,322,323,8904
4/15/2018,322,314,318,13360
4/16/2018,326,318,324,10296
4/17/2018,332,322,330,13633
4/18/2018,348,328,338,17142
4/19/2018,349,335,346,33625
4/22/2018,357,341,356,33695
4/23/2018,361,348,350,35197
4/24/2018,349,342,343,14697
4/25/2018,344,339,340,15294
4/26/2018,342,336,336,24001
4/29/2018,339,331,334,42224
5/2/2018,338,331,338,11337
5/3/2018,342,338,341,32659
5/6/2018,340,335,337,11511
5/7/2018,342,332,337,17494
5/8/2018,341,335,339,15267
5/9/2018,343,337,342,14076
5/10/2018,343,337,338,12434
5/14/2018,341,337,339,20858
5/15/2018,340,338,340,2489
5/16/2018,340,337,340,4606
5/17/2018,342,339,340,12323
5/20/2018,345,339,340,10094
5/21/2018,343,338,340,6321
5/22/2018,340,338,338,8541
5/23/2018,338,336,336,7443
5/24/2018,338,334,334,26336
5/27/2018,333,327,329,10394
5/28/2018,341,328,333,5608
5/29/2018,338,330,338,6193
5/30/2018,344,336,338,14724
5/31/2018,340,334,337,16961
6/3/2018,338,324,328,9977
6/4/2018,329,322,326,7155
6/6/2018,338,332,334,3040
6/7/2018,333,326,327,6980
6/10/2018,325,317,321,12953
6/11/2018,325,315,322,17638
6/12/2018,325,319,325,4469
6/13/2018,325,319,324,2655
6/14/2018,330,324,327,8432
6/17/2018,325,318,320,23503
6/18/2018,326,315,318,4545
6/19/2018,320,313,318,83801
6/20/2018,320,317,318,2517
6/21/2018,320,314,315,2483
6/24/2018,321,313,316,1673
6/25/2018,318,313,313,4336
6/26/2018,318,309,310,18030
6/27/2018,315,306,312,7345
6/28/2018,316,312,314,15615
7/1/2018,321,311,311,4695
7/2/2018,316,306,306,12858
7/3/2018,312,306,311,7603
7/4/2018,316,309,315,8879
7/5/2018,320,313,320,12796
7/8/2018,322,315,319,5894
7/9/2018,317,313,316,12165
7/10/2018,323,316,320,8415
7/11/2018,322,311,311,9992
7/12/2018,315,311,315,13648
7/15/2018,317,311,317,5868
7/16/2018,319,315,316,3562
7/17/2018,320,316,316,4190
7/18/2018,317,316,317,4878
7/19/2018,317,312,312,7255
7/22/2018,312,307,310,11581
7/23/2018,311,308,311,951
7/24/2018,316,311,314,9354
7/25/2018,315,310,314,5938
7/26/2018,314,310,311,3729
7/29/2018,313,309,310,6690
7/30/2018,312,306,312,2672
7/31/2018,316,311,313,6326
8/1/2018,316,312,316,6318
8/2/2018,317,314,317,5531
8/5/2018,319,315,316,4436
8/6/2018,318,314,315,6141
8/7/2018,320,314,315,4293
8/8/2018,316,310,312,10693
8/9/2018,314,306,309,10753
8/12/2018,314,304,304,8903
8/13/2018,310,305,309,4058
8/14/2018,313,307,312,2453
8/15/2018,320,312,318,11005
8/16/2018,324,318,322,19874
8/19/2018,325,316,316,19853
8/20/2018,320,313,317,10193
8/21/2018,318,313,314,4251
8/22/2018,315,312,314,868
8/23/2018,315,311,313,24722
8/26/2018,315,313,313,3770
8/28/2018,325,311,325,19657
8/29/2018,325,319,325,15344
8/30/2018,342,322,340,62781
9/2/2018,361,334,359,91649
9/3/2018,370,356,366,93515
9/4/2018,389,360,383,89078
9/5/2018,391,376,383,90822
9/6/2018,384,372,378,42207
9/9/2018,385,372,382,66875
9/10/2018,385,375,384,38444
9/11/2018,391,381,390,70801
9/12/2018,408,386,408,128576
9/13/2018,425,410,413,133992
9/16/2018,422,408,408,87720
9/17/2018,415,401,411,52792
9/17/2018,415,401,411,52792
9/18/2018,411,405,407,40826
9/20/2018,423,407,423,112030
9/23/2018,447,420,440,161693
9/25/2018,459,442,447,138497
9/26/2018,451,434,441,60980
9/27/2018,445,434,438,48864
9/30/2018,444,432,442,72471
10/1/2018,442,430,435,57208
10/2/2018,435,426,430,37786
10/3/2018,432,422,422,59156
10/4/2018,429,415,425,39411
10/7/2018,427,417,422,39336
10/8/2018,429,420,427,30008
10/9/2018,434,425,428,38484
10/10/2018,435,423,427,16922
10/11/2018,436,425,431,35013
10/14/2018,440,430,436,36357
10/15/2018,446,436,441,36215
10/21/2018,453,434,450,40570
10/22/2018,452,445,448,17871
10/23/2018,448,442,447,38249
10/24/2018,446,439,445,28009
10/25/2018,445,437,445,26122
10/28/2018,453,428,430,52690
10/29/2018,430,423,424,32369
10/30/2018,434,425,430,17692
10/31/2018,427,419,419,20649
11/1/2018,425,416,420,30349
11/4/2018,419,411,413,28303
11/5/2018,423,414,419,38758
11/6/2018,421,413,423,2343
11/11/2018,431,410,416,19111
11/12/2018,420,416,419,9149
11/13/2018,427,419,425,19534
11/14/2018,432,421,424,3169
11/15/2018,429,417,417,16512
11/18/2018,426,416,418,70675
11/19/2018,418,412,413,17192
11/20/2018,413,409,411,19592
11/21/2018,415,407,415,8660
11/22/2018,415,410,410.79,8880
11/25/2018,412,405,407.63,8455
11/26/2018,411,405,410,9871
11/27/2018,416,409,411.11,12802
11/28/2018,413,403,407.73,9895
11/29/2018,416,403,405,11494
12/2/2018,413,398,400,36901
12/3/2018,416,398,403,22920
12/4/2018,409,403,409,45055
12/5/2018,409,353,358,34885
12/6/2018,358,351,357,22789
12/9/2018,375,355,375,23098
12/10/2018,385,375,382,20752
12/11/2018,385,374,375,31606
12/12/2018,380,372,373,5460
12/13/2018,381,373,378,30932
12/16/2018,388,378,383,23739
12/17/2018,388,380,388,33325
12/18/2018,390,376,380,55370
12/19/2018,383,378,380,28505
12/20/2018,386,380,380,43983
12/23/2018,394,380,392,46394
12/24/2018,395,386,386,29532
12/25/2018,386,380,381,29912
12/26/2018,396,381,395,35578
12/27/2018,400,388,389,21635
12/30/2018,389,384,387,15441
12/31/2018,387,377,377,14689
1/1/2019,383,377,380,7155
1/2/2019,382,378,382,19408
1/3/2019,385,381,383,8316
1/6/2019,383,377,377,9575
1/7/2019,383,377,379,17398
1/8/2019,384,379,382,26447
1/9/2019,392,382,388,43470
1/10/2019,390,385,390,28615
1/13/2019,392,383,384,74495
1/14/2019,390,384,386,8106
1/15/2019,392,386,390,15949
1/16/2019,401,390,398,77989
1/17/2019,401,395,396,27748
1/20/2019,397,392,392,6792
1/21/2019,399,389,389,17919
1/22/2019,392,389,390,7735
1/23/2019,394,390,392,8939
1/24/2019,396,391,392,20113
1/27/2019,392,389,391,27179
1/28/2019,394,391,393,12704
1/29/2019,393,389,390,24692
1/30/2019,392,390,392,23118
1/31/2019,394,390,391,11447
2/3/2019,395,390,390,22031
2/4/2019,392,388,389,31537
2/5/2019,394,389,389,14198
2/6/2019,390,384,387,12115
2/7/2019,390,385,390,9862
2/10/2019,391,382,385,20647
2/11/2019,387,381,386,10406
2/12/2019,393,384,386,11167
2/13/2019,392,384,384,15606
2/14/2019,389,380,384,17211
2/17/2019,388,383,387,13443
2/18/2019,387,383,385,13348
2/19/2019,389,385,389,10351
2/20/2019,395,385,387,6553
2/21/2019,388,382,384,13521
2/24/2019,385,368,370,36648
2/25/2019,377,370,374,16761
2/26/2019,380,373,376,9932
2/27/2019,382,375,378,7888
3/3/2019,380,377,378,13490
3/5/2019,382,377,381,31858
3/6/2019,386,378,385,22986
3/7/2019,392,385,391,26697
3/10/2019,396,385,394,10089
3/11/2019,400,393,400,55606
3/12/2019,404,397,401,50377
3/13/2019,405,396,399,33450
3/14/2019,400,395,399,20608
3/17/2019,405,400,401,38412
3/18/2019,402,397,398,21236
3/19/2019,402,398,399,3790
3/21/2019,399,395,395,22176
3/24/2019,399,393,396,11361
3/25/2019,400,394,398,8113
3/26/2019,400,395,398,15558
3/27/2019,400,397,398,13921
3/28/2019,403,396,398,15408
3/31/2019,402,399,400,24402
4/1/2019,410,400,410,54571
4/2/2019,426,410,426,89445
4/3/2019,439,421,436,101042
4/4/2019,444,431,440,107396
4/7/2019,472,439,468,147987
4/8/2019,478,462,466,161971
4/9/2019,471,456,458,116366
4/10/2019,469,457,466,63030
4/11/2019,471,465,469,54800
4/15/2019,473,466,470,39084
4/16/2019,498,470,492,106050
4/17/2019,498,484,487,92921
4/18/2019,493,481,482,60312
4/21/2019,495,478,494,94558
4/22/2019,500,483,484,79167
4/23/2019,495,478,490,58722
4/24/2019,508,490,506,128530
4/25/2019,515,502,507,88888
4/28/2019,512,501,502,84179
4/29/2019,502,495,496,62052
4/30/2019,500,492,495,23369
5/2/2019,495,488,491,31276
5/5/2019,490,483,483,35721
5/6/2019,496,480,496,39149
5/7/2019,502,484,494,33241
5/8/2019,496,490,493,19495
5/9/2019,493,487,488,25211
5/12/2019,498,482,498,40990
5/13/2019,501,486,487,42220
5/14/2019,499,487,493,39731
5/15/2019,500,491,491,49643
5/16/2019,495,487,490,25182
5/19/2019,491,484,484,38861
5/20/2019,491,481,483,38921
5/21/2019,487,480,482,39645
5/22/2019,485,481,484,25076
5/23/2019,486,481,484,24480
5/26/2019,485,476,477,36547
5/27/2019,482,475,480,31557
5/28/2019,482,476,480,20813
5/29/2019,485,480,480,19752
5/30/2019,502,483,485,67442
6/2/2019,484,478,478,49886
6/3/2019,475,465,468,193172
6/4/2019,474,463,470,30464
6/6/2019,475,458,460,62274
6/10/2019,465,449,451,91893
6/11/2019,458,447,457,60515
6/12/2019,466,455,458,33591
6/13/2019,471,454,454,39607
6/16/2019,472,451,451,35541
6/17/2019,460,451,454,32855
6/18/2019,462,455,461,43757
6/19/2019,470,461,466,46789
6/20/2019,475,465,471,30484
6/23/2019,480,460,466,26800
6/24/2019,469,465,467,29942
6/25/2019,473,466,469,21895
6/26/2019,475,466,467,14360
6/27/2019,475,462,463,21627
6/30/2019,463,456,456,27859
7/1/2019,458,449,456,38691
7/2/2019,461,453,455,31497
7/3/2019,472,456,462,20331
7/4/2019,469,460,462,16735
7/7/2019,476,455,458,22121
7/8/2019,455,450,452,31564
7/9/2019,454,444,449,42350
7/10/2019,449,443,445,37178
7/11/2019,450,443,445,39147
7/14/2019,450,441,443,15141
7/15/2019,447,441,446,46364
7/16/2019,450,444,448,14110
7/17/2019,457,450,456,26501
7/18/2019,464,456,459,28359
7/21/2019,462,455,461,14798
7/22/2019,468,458,463,16651
7/23/2019,469,462,465,12440
7/24/2019,479,465,474,32270
7/25/2019,476,465,467,33130
7/28/2019,465,457,459,47251
7/29/2019,464,460,462,15259
7/30/2019,467,463,465,7866
7/31/2019,474,465,468,12296
8/1/2019,473,465,467,20007
8/4/2019,474,465,467,12134
8/5/2019,469,463,465,34781
8/6/2019,464,451,458,43065
8/7/2019,460,451,453,17917
8/8/2019,455,449,449,15933
8/11/2019,452,447,449,11993
8/12/2019,450,448,450,12265
8/13/2019,453,448,449,5472
8/14/2019,450,443,443,18041
8/15/2019,450,443,444,46360
8/18/2019,458,449,451,54223
8/19/2019,464,451,460,37488
8/20/2019,461,453,453,29190
8/21/2019,457,451,454,38058
8/22/2019,462,452,454,42153
8/25/2019,453,448,448,32538
8/26/2019,450,446,447,31024
8/27/2019,451,447,447,52701
8/28/2019,471,438,439,72685
8/29/2019,450,437,439,29723
9/1/2019,462,439,440,15482
9/2/2019,471,435,436,11942
9/3/2019,449,426,449,50696
9/4/2019,453,440,451,22602
9/5/2019,454,447,449,29014
9/8/2019,453,448,448,35963
9/9/2019,450,443,448,15778
9/10/2019,450,443,448,27649
9/10/2019,450,443,448,27649
9/11/2019,454,444,447,22108
9/12/2019,450,445,448,79341
9/15/2019,441,390,391,22199
9/16/2019,391,377,380,31341
9/17/2019,390,376,387,18010
9/17/2019,390,376,387,18010
9/18/2019,398,387,395,23035
9/19/2019,400,384,387,10037
9/22/2019,393,378,383,7772
9/23/2019,390,378,379,13501
9/24/2019,381,376,379,13035
9/25/2019,381,375,376,15432
9/26/2019,377,375,375,14312
9/29/2019,377,372,375,22722
9/30/2019,378,375,378,9075
10/1/2019,384,375,384,5241
10/2/2019,390,382,384,7310
10/3/2019,401,383,389,8409
10/10/2019,389,383,385,3175
10/14/2019,385,378,378,10343
10/15/2019,385,378,385,11302
10/16/2019,390,383,386,15604
10/17/2019,387,384,386,10188
10/20/2019,400,382,382,12661
10/21/2019,389,382,384,6069
10/22/2019,391,384,391,24454
10/23/2019,401,390,398,37258
10/24/2019,414,400,411,84273
10/31/2019,418,408,408,29033
11/3/2019,408,402,405,10405
11/4/2019,405,397,400,10935
11/5/2019,401,397,397,13299
11/6/2019,404,396,400,20215
11/7/2019,403,397,399,10888
11/10/2019,406,397,400,27061
11/11/2019,406,398,404,21981
11/12/2019,406,398,398,12817
11/13/2019,400,398,399,8746
11/14/2019,406,399,406,22377
11/17/2019,420,410,418,94663
11/18/2019,424,415,417,33570
11/19/2019,419,410,411,21424
11/20/2019,417,407,410,20611
11/21/2019,413,400,404,31833
11/24/2019,406,396,400,21650
11/25/2019,408,398,405,10402
11/26/2019,406,403,406,24891
11/27/2019,408,405,408,16628
11/28/2019,410,406,406,19814
12/1/2019,407,405,406,30520
12/2/2019,407,404,404,26575
12/3/2019,407,403,405,31452
12/4/2019,409,403,403,47834
12/5/2019,408,405,407,24306
12/8/2019,409,404,405,24612
12/9/2019,410,405,410,17775
12/10/2019,415,409,410,20176
12/11/2019,415,410,414,13581
12/12/2019,418,412,414,17030
12/15/2019,424,414,421,62405
12/16/2019,425,414,418,46637
12/17/2019,418,413,414,24206
12/18/2019,420,414,416,17181
12/19/2019,418,413,413,23427
12/22/2019,419,412,415,23136
12/23/2019,421,414,415,46469
12/24/2019,419,414,414,34008
12/25/2019,416,413,413,41239
12/26/2019,414,412,412,35827
12/29/2019,415,406,408,18417
12/30/2019,408,405,405,28616
12/31/2019,414,407,408,28129
1/1/2020,413,408,411,35563
1/2/2020,415,411,413,41445
1/5/2020,431,413,427,102503
1/6/2020,441,428,440,194558
1/7/2020,449,435,438,146948
1/8/2020,442,432,434,98321
1/9/2020,437,431,433,33427
1/12/2020,451,438,446,91556
1/13/2020,459,445,450,123765
1/14/2020,450,443,443,64306
1/15/2020,474,446,472,160108
1/16/2020,484,475,475,142355
1/19/2020,489,475,477,131384
1/20/2020,492,470,479,125366
1/21/2020,493,480,482,195430
1/22/2020,490,477,478,61558
1/23/2020,485,470,472,55322
1/26/2020,475,466,467,63904
1/27/2020,474,464,471,57507
1/28/2020,480,474,475,42456
1/29/2020,478,469,470,31065
1/30/2020,483,470,480,65696
2/2/2020,493,482,492,128887
2/3/2020,496,487,488,71812
2/4/2020,489,481,481,63839
2/5/2020,500,480,482,45781
2/6/2020,485,479,481,66736
2/9/2020,490,478,483,71613
2/10/2020,489,482,488,73372
2/11/2020,505,490,503,228518
2/12/2020,510,504,508,123088
2/13/2020,509,500,503,99381
2/16/2020,511,502,511,78765
2/17/2020,545,513,539,164128
2/18/2020,558,540,548,194043
2/19/2020,553,543,547,109712
2/20/2020,554,548,554,106954
2/23/2020,602,556,596,159238
2/24/2020,619,590,594,174260
2/25/2020,598,575,595,153538
2/26/2020,615,595,610,166838
2/27/2020,663,587,660,330732
3/1/2020,680,636,639,334054
3/2/2020,639,600,603,236109
3/3/2020,621,579,608,305633
3/4/2020,610,577,577,220724
3/5/2020,589,560,575,168687
3/10/2020,564,526,526,149878
3/11/2020,569,520,567,265635
3/12/2020,569,545,550,210135
3/15/2020,547,518,518,215664
3/16/2020,531,511,522,246391
3/17/2020,522,501,508,197047
3/18/2020,518,491,502,166700
3/19/2020,515,482,509,192055
3/22/2020,510,488,496,22489
5/12/2020,487,482,482,95
5/13/2020,473,468,468,60
6/29/2020,479,422,469,75742
6/30/2020,510,462,506,10579
7/1/2020,534,514,525,33967
7/2/2020,530,473,485,44886
7/5/2020,502,472,490,64804
7/6/2020,500,480,499,35198
7/7/2020,517,499,510,72828
7/8/2020,515,500,505,35217
7/9/2020,509,496,502,69253
7/12/2020,515,506,510,88061
7/13/2020,518,509,516,91574
7/14/2020,541,518,533,90120
7/15/2020,555,539,553,189465
7/16/2020,571,557,570,100312
7/19/2020,627,581,627,1111
7/20/2020,671,584,595,288033
7/21/2020,604,580,587,193137
7/22/2020,600,578,580,121795
7/23/2020,582,569,579,102536
7/26/2020,598,580,594,146673
7/27/2020,605,586,588,101036
7/28/2020,592,579,580,96294
7/29/2020,579,570,570,155181
7/30/2020,577,565,570,89310
8/2/2020,566,552,552,125621
8/3/2020,560,544,556,93087
8/5/2020,553,542,550,89373
8/6/2020,551,537,548,73572
8/9/2020,555,538,553,49047
8/10/2020,576,550,574,128478
8/11/2020,582,570,572,74503
8/12/2020,580,564,574,67657
8/13/2020,583,570,577,120252
8/16/2020,575,560,566,71817
8/17/2020,569,562,566,37723
8/18/2020,570,562,565,43780
8/19/2020,563,553,554,59039
8/20/2020,564,554,560,15745
8/23/2020,571,557,565,23761
8/24/2020,579,568,574,99698
8/25/2020,581,573,576,94522
8/26/2020,600,577,590,176951
8/27/2020,600,586,588,140837
8/30/2020,587,579,581,44108
8/31/2020,600,581,589,169903
9/2/2020,604,592,599,192770
9/3/2020,611,592,595,68906
9/6/2020,624,582,588,114541
9/7/2020,592,576,577,72833
9/8/2020,582,570,579,49349
9/9/2020,582,571,577,62944
9/10/2020,586,576,576,48020
9/13/2020,587,574,587,93975
9/14/2020,595,584,589,70052
9/15/2020,590,580,581,46177
9/16/2020,582,575,579,43649
9/17/2020,593,579,590,115847
9/17/2020,593,579,590,115847
9/20/2020,604,591,592,81497
9/21/2020,610,584,589,54931
9/22/2020,590,576,577,72466
9/23/2020,581,572,578,33384
9/24/2020,606,576,579,37060
9/27/2020,607,575,580,48614
9/28/2020,584,578,579,46486
9/29/2020,579,570,573,58385
9/30/2020,601,569,571,60813
10/1/2020,582,571,579,73645
10/4/2020,588,579,580,66773
10/5/2020,589,577,577,54309
10/6/2020,580,574,574,42913
10/7/2020,577,572,575,66003
10/8/2020,589,571,573,52226
10/11/2020,582,571,574,73636
10/12/2020,587,575,580,87414
10/13/2020,591,578,579,49233
10/14/2020,587,575,579,32158
10/15/2020,607,577,578,40608
10/18/2020,585,572,572,28061
10/19/2020,579,574,577,17751
10/20/2020,582,575,581,35260
10/21/2020,634,602,605,399513
10/22/2020,615,600,605,162894
10/28/2020,618,605,617,139393
10/29/2020,629,617,620,190125
11/1/2020,629,613,622,173339
11/2/2020,624,617,618,109064
11/3/2020,623,615,619,134689
11/4/2020,621,615,619,61952
11/5/2020,621,616,618,86880
11/8/2020,622,617,619,78936
11/9/2020,623,617,618,66336
11/10/2020,624,617,619,95856
11/11/2020,645,620,642,246848
11/12/2020,650,635,644,212901
11/18/2020,675,644,670,274516
11/19/2020,683,664,670,232275
11/22/2020,694,671,691,259501
11/23/2020,699,686,687,214571
11/24/2020,720,687,697,538774
11/25/2020,640,605,634,309672
11/26/2020,650,623,624,235735
11/29/2020,678,626,660,311229
11/30/2020,692,644,647,193860
12/1/2020,655,630,632,170189
12/2/2020,688,630,653,199988
12/3/2020,660,637,644,141764
12/6/2020,644,623,623,158242
12/7/2020,636,620,633,148276
12/8/2020,664,625,626,128794
12/9/2020,626,611,612,127221
12/10/2020,621,608,616,104431
12/13/2020,652,620,650,236248
12/14/2020,673,648,667,337934
12/15/2020,680,667,672,284988
12/16/2020,700,665,669,170003
12/17/2020,699,665,690,349388
12/20/2020,749,671,707,674434
12/21/2020,777,699,777,605883
12/22/2020,854,814,854,555811
12/23/2020,920,825,852,381481
12/24/2020,863,813,827,390680
12/27/2020,836,805,810,329040
12/28/2020,854,801,854,359860
12/29/2020,863,840,842,176925
12/30/2020,881,835,870,370286
12/31/2020,898,870,882,304296
1/3/2021,908,892,899,304366
1/4/2021,913,885,892,234042
1/5/2021,899,880,883,184653
1/6/2021,899,882,892,110605
1/7/2021,916,890,908,250027
1/10/2021,935,910,927,194033
1/11/2021,963,912,915,176512
1/12/2021,950,907,918,135414
1/13/2021,936,907,912,174132
1/17/2021,925,896,901,254035
1/18/2021,935,896,906,223189
1/19/2021,951,895,900,223860
1/20/2021,905,885,889,205128
1/21/2021,901,885,887,181625
1/24/2021,905,880,885,234231
1/25/2021,929,880,907,330776
1/26/2021,915,897,900,154147
1/27/2021,902,888,893,158020
1/28/2021,895,868,875,325484
1/31/2021,880,858,860,356920
2/1/2021,877,855,857,206175
2/2/2021,899,861,888,188825
2/3/2021,915,850,882,157512
2/4/2021,882,870,877,139753
2/7/2021,880,869,874,124789
2/8/2021,899,874,889,230184
2/9/2021,905,883,888,256674
2/10/2021,895,878,884,108250
